analysis.rs	202	dark	1	spaghettio_core::analysis::infer_furnace_recipes::{closure#0}::{closure#0}
analysis.rs	250	dark	1	spaghettio_core::analysis::infer_furnace_recipes::{closure#1}::{closure#0}
analysis.rs	175	dark	1	spaghettio_core::analysis::smelting_recipes::{closure#0}
analysis.rs	199	dark	5	spaghettio_core::analysis::infer_furnace_recipes::{closure#0}
analysis.rs	250	dark	1	spaghettio_core::analysis::infer_furnace_recipes::{closure#1}
analysis.rs	660	dark	8	spaghettio_core::analysis::analyze_blueprint_string_any::{closure#0}
analysis.rs	344	dark	1	spaghettio_core::analysis::analyze::{closure#1}
analysis.rs	75	dark	3	spaghettio_core::analysis::is_furnace
analysis.rs	171	dark	7	spaghettio_core::analysis::smelting_recipes
analysis.rs	189	dark	78	spaghettio_core::analysis::infer_furnace_recipes
analysis.rs	649	edge-only	5	spaghettio_core::analysis::analyze_blueprint_string
analysis.rs	656	dark	14	spaghettio_core::analysis::analyze_blueprint_string_any
balancer/bake.rs	39	edge-only	89	spaghettio_core::balancer::bake::from_splitter_graph
balancer/graph.rs	80	dark	1	<spaghettio_core::balancer::graph::BalancerGraph>::real_input_indices::{closure#0}
balancer/graph.rs	81	dark	1	<spaghettio_core::balancer::graph::BalancerGraph>::real_input_indices::{closure#1}
balancer/graph.rs	89	edge-only	1	<spaghettio_core::balancer::graph::BalancerGraph>::real_output_indices::{closure#0}
balancer/graph.rs	90	edge-only	1	<spaghettio_core::balancer::graph::BalancerGraph>::real_output_indices::{closure#1}
balancer/graph.rs	148	edge-only	1	<spaghettio_core::balancer::graph::BalancerGraph>::validate_and_index::{closure#0}
balancer/graph.rs	251	edge-only	1	spaghettio_core::balancer::graph::count_input_arcs::{closure#0}
balancer/graph.rs	258	dark	1	spaghettio_core::balancer::graph::count_output_arcs::{closure#0}
balancer/graph.rs	265	dark	1	spaghettio_core::balancer::graph::count_splitter_out_arcs::{closure#0}
balancer/graph.rs	76	dark	7	<spaghettio_core::balancer::graph::BalancerGraph>::real_input_indices
balancer/graph.rs	85	edge-only	7	<spaghettio_core::balancer::graph::BalancerGraph>::real_output_indices
balancer/graph.rs	64	edge-only	10	<spaghettio_core::balancer::graph::BalancerGraph>::new
balancer/graph.rs	131	edge-only	108	<spaghettio_core::balancer::graph::BalancerGraph>::validate_and_index
balancer/graph.rs	241	edge-only	3	<spaghettio_core::balancer::graph::BalancerGraph>::validate
balancer/graph.rs	248	edge-only	6	spaghettio_core::balancer::graph::count_input_arcs
balancer/graph.rs	255	dark	6	spaghettio_core::balancer::graph::count_output_arcs
balancer/graph.rs	262	dark	6	spaghettio_core::balancer::graph::count_splitter_out_arcs
balancer/placement/cp_sat.rs	62	dark	4	<spaghettio_core::balancer::placement::cp_sat::CpSat>::with_script_path::<alloc::string::String>
balancer/placement/cp_sat.rs	62	dark	4	<spaghettio_core::balancer::placement::cp_sat::CpSat>::with_script_path::<alloc::string::String>
balancer/placement/cp_sat.rs	141	dark	1	<spaghettio_core::balancer::placement::cp_sat::CpSat as spaghettio_core::balancer::placement::PlacementEngine>::place::{closure#0}
balancer/placement/cp_sat.rs	157	dark	1	<spaghettio_core::balancer::placement::cp_sat::CpSat as spaghettio_core::balancer::placement::PlacementEngine>::place::{closure#2}
balancer/placement/cp_sat.rs	163	dark	1	<spaghettio_core::balancer::placement::cp_sat::CpSat as spaghettio_core::balancer::placement::PlacementEngine>::place::{closure#3}
balancer/placement/cp_sat.rs	176	dark	1	<spaghettio_core::balancer::placement::cp_sat::CpSat as spaghettio_core::balancer::placement::PlacementEngine>::place::{closure#4}
balancer/placement/cp_sat.rs	152	dark	1	<spaghettio_core::balancer::placement::cp_sat::CpSat as spaghettio_core::balancer::placement::PlacementEngine>::place::{closure#1}
balancer/placement/cp_sat.rs	58	dark	3	<spaghettio_core::balancer::placement::cp_sat::CpSat>::new
balancer/placement/cp_sat.rs	49	dark	6	<spaghettio_core::balancer::placement::cp_sat::CpSat as core::default::Default>::default
balancer/placement/cp_sat.rs	111	dark	3	<spaghettio_core::balancer::placement::cp_sat::CpSat as spaghettio_core::balancer::placement::PlacementEngine>::name
balancer/placement/cp_sat.rs	115	dark	81	<spaghettio_core::balancer::placement::cp_sat::CpSat as spaghettio_core::balancer::placement::PlacementEngine>::place
balancer/placement/library_lookup.rs	64	edge-only	6	spaghettio_core::balancer::placement::library_lookup::to_placed_template::{closure#0}
balancer/placement/library_lookup.rs	26	dark	3	<spaghettio_core::balancer::placement::library_lookup::LibraryLookup>::new
balancer/placement/library_lookup.rs	54	edge-only	22	spaghettio_core::balancer::placement::library_lookup::to_placed_template
balancer/placement/library_lookup.rs	32	dark	3	<spaghettio_core::balancer::placement::library_lookup::LibraryLookup as spaghettio_core::balancer::placement::PlacementEngine>::name
balancer/placement/library_lookup.rs	36	edge-only	16	<spaghettio_core::balancer::placement::library_lookup::LibraryLookup as spaghettio_core::balancer::placement::PlacementEngine>::place
balancer/placement/mod.rs	105	dark	50	<spaghettio_core::balancer::placement::PlacedTemplate>::into_owned_template
balancer/synth.rs	260	edge-only	1	<spaghettio_core::balancer::synth::BenesBuild>::build::{closure#0}
balancer/synth.rs	301	edge-only	12	<spaghettio_core::balancer::synth::BenesBuild>::build::{closure#2}
balancer/synth.rs	315	edge-only	12	<spaghettio_core::balancer::synth::BenesBuild>::build::{closure#3}
balancer/synth.rs	263	edge-only	1	<spaghettio_core::balancer::synth::BenesBuild>::build::{closure#1}
balancer/synth.rs	80	edge-only	3	spaghettio_core::balancer::synth::synth_n_to_one::{closure#0}
balancer/synth.rs	231	edge-only	5	<spaghettio_core::balancer::synth::BenesBuild>::alloc
balancer/synth.rs	242	edge-only	88	<spaghettio_core::balancer::synth::BenesBuild>::build
balancer/synth.rs	191	edge-only	32	spaghettio_core::balancer::synth::synth_benes
balancer/synth.rs	94	edge-only	70	spaghettio_core::balancer::synth::synth_n_to_m
balancer/synth.rs	65	edge-only	27	spaghettio_core::balancer::synth::synth_n_to_one
balancer/synth.rs	51	edge-only	9	spaghettio_core::balancer::synth::synth
balancer/verify.rs	85	edge-only	1	spaghettio_core::balancer::verify::verify_balancer_with_tolerance::{closure#0}
balancer/verify.rs	155	edge-only	1	spaghettio_core::balancer::verify::verify_balancer_with_tolerance::{closure#4}
balancer/verify.rs	161	edge-only	1	spaghettio_core::balancer::verify::verify_balancer_with_tolerance::{closure#5}
balancer/verify.rs	95	edge-only	8	spaghettio_core::balancer::verify::verify_balancer_with_tolerance::{closure#1}
balancer/verify.rs	194	edge-only	75	spaghettio_core::balancer::verify::gaussian_solve
balancer/verify.rs	71	edge-only	3	spaghettio_core::balancer::verify::verify_balancer
balancer/verify.rs	75	edge-only	112	spaghettio_core::balancer::verify::verify_balancer_with_tolerance
bin/import_balancer.rs	844	dark	4	import_balancer::print_topology::{closure#0}::{closure#0}
bin/import_balancer.rs	852	dark	4	import_balancer::print_topology::{closure#0}::{closure#2}
bin/import_balancer.rs	848	dark	4	import_balancer::print_topology::{closure#0}::{closure#1}
bin/import_balancer.rs	949	dark	18	import_balancer::print_json::{closure#0}
bin/import_balancer.rs	141	dark	18	import_balancer::rotate_180::{closure#0}
bin/import_balancer.rs	126	dark	9	import_balancer::rotate_ccw::{closure#0}
bin/import_balancer.rs	716	dark	1	import_balancer::rust_statics::{closure#0}
bin/import_balancer.rs	719	dark	1	import_balancer::rust_statics::{closure#1}
bin/import_balancer.rs	501	dark	1	import_balancer::pair_ug_belts::{closure#0}
bin/import_balancer.rs	527	dark	1	import_balancer::pair_ug_belts::{closure#2}
bin/import_balancer.rs	505	dark	1	import_balancer::pair_ug_belts::{closure#1}
bin/import_balancer.rs	252	dark	1	import_balancer::identify_ports::{closure#0}
bin/import_balancer.rs	289	dark	46	import_balancer::identify_ports::{closure#4}
bin/import_balancer.rs	260	dark	1	import_balancer::identify_ports::{closure#1}
bin/import_balancer.rs	840	dark	17	import_balancer::print_topology::{closure#0}
bin/import_balancer.rs	51	dark	1	import_balancer::decode_blueprint::{closure#0}
bin/import_balancer.rs	57	dark	1	import_balancer::decode_blueprint::{closure#2}
bin/import_balancer.rs	56	dark	1	import_balancer::decode_blueprint::{closure#1}
bin/import_balancer.rs	84	dark	1	import_balancer::extract_entities::{closure#0}
bin/import_balancer.rs	86	dark	1	import_balancer::extract_entities::{closure#2}
bin/import_balancer.rs	85	dark	1	import_balancer::extract_entities::{closure#1}
bin/import_balancer.rs	751	dark	1	import_balancer::patch_rust_library::{closure#0}
bin/import_balancer.rs	782	dark	1	import_balancer::patch_rust_library::{closure#1}
bin/import_balancer.rs	407	dark	1	import_balancer::validate_and_build::{closure#0}
bin/import_balancer.rs	441	dark	12	import_balancer::validate_and_build::{closure#4}
bin/import_balancer.rs	218	dark	6	import_balancer::normalize_to_south_flow::{closure#0}
bin/import_balancer.rs	225	dark	1	import_balancer::normalize_to_south_flow::{closure#2}
bin/import_balancer.rs	224	dark	1	import_balancer::normalize_to_south_flow::{closure#1}
bin/import_balancer.rs	170	dark	9	import_balancer::normalize::{closure#2}
bin/import_balancer.rs	110	dark	9	import_balancer::rotate_cw::{closure#0}
bin/import_balancer.rs	948	dark	32	import_balancer::print_json
bin/import_balancer.rs	138	dark	23	import_balancer::rotate_180
bin/import_balancer.rs	122	dark	15	import_balancer::rotate_ccw
bin/import_balancer.rs	236	dark	10	import_balancer::entity_tile
bin/import_balancer.rs	725	dark	12	import_balancer::rust_insert
bin/import_balancer.rs	478	dark	9	import_balancer::dir_to_delta
bin/import_balancer.rs	690	dark	34	import_balancer::rust_statics
bin/import_balancer.rs	498	dark	42	import_balancer::pair_ug_belts
bin/import_balancer.rs	96	dark	3	import_balancer::rotate_dir_cw
bin/import_balancer.rs	194	dark	11	import_balancer::apply_rotation
bin/import_balancer.rs	249	dark	126	import_balancer::identify_ports
bin/import_balancer.rs	828	dark	119	import_balancer::print_topology
bin/import_balancer.rs	102	dark	3	import_balancer::rotate_dir_180
bin/import_balancer.rs	99	dark	3	import_balancer::rotate_dir_ccw
bin/import_balancer.rs	796	dark	27	import_balancer::remove_existing
bin/import_balancer.rs	488	dark	7	import_balancer::splitter_second
bin/import_balancer.rs	628	dark	11	import_balancer::transpose_graph
bin/import_balancer.rs	542	dark	67	import_balancer::build_lane_graph
bin/import_balancer.rs	47	dark	12	import_balancer::decode_blueprint
bin/import_balancer.rs	69	dark	22	import_balancer::extract_entities
bin/import_balancer.rs	182	dark	11	import_balancer::dominant_direction
bin/import_balancer.rs	745	dark	50	import_balancer::patch_rust_library
bin/import_balancer.rs	403	dark	63	import_balancer::validate_and_build
bin/import_balancer.rs	60	dark	8	import_balancer::normalize_belt_name
bin/import_balancer.rs	648	dark	37	import_balancer::check_lane_connectivity
bin/import_balancer.rs	206	dark	25	import_balancer::normalize_to_south_flow
bin/import_balancer.rs	985	dark	90	import_balancer::main
bin/import_balancer.rs	610	dark	17	import_balancer::bfs_lane
bin/import_balancer.rs	162	dark	19	import_balancer::normalize
bin/import_balancer.rs	106	dark	15	import_balancer::rotate_cw
blueprint.rs	456	edge-only	1	spaghettio_core::blueprint::export::{closure#0}::{closure#5}::{closure#0}
blueprint.rs	461	edge-only	5	spaghettio_core::blueprint::export::{closure#0}::{closure#5}::{closure#2}
blueprint.rs	457	edge-only	1	spaghettio_core::blueprint::export::{closure#0}::{closure#5}::{closure#1}
blueprint.rs	347	edge-only	3	spaghettio_core::blueprint::export::{closure#0}::{closure#0}
blueprint.rs	448	edge-only	3	spaghettio_core::blueprint::export::{closure#0}::{closure#4}
blueprint.rs	453	edge-only	16	spaghettio_core::blueprint::export::{closure#0}::{closure#5}
blueprint.rs	215	edge-only	7	spaghettio_core::blueprint::export_with_manifest_inner::{closure#2}
blueprint.rs	256	edge-only	1	spaghettio_core::blueprint::export_with_manifest_inner::{closure#3}
blueprint.rs	257	edge-only	1	spaghettio_core::blueprint::export_with_manifest_inner::{closure#4}
blueprint.rs	263	edge-only	6	spaghettio_core::blueprint::export_with_manifest_inner::{closure#5}
blueprint.rs	287	edge-only	1	spaghettio_core::blueprint::export_with_manifest_inner::{closure#6}
blueprint.rs	292	edge-only	1	spaghettio_core::blueprint::export_with_manifest_inner::{closure#7}
blueprint.rs	193	edge-only	7	spaghettio_core::blueprint::export_with_manifest
blueprint.rs	201	edge-only	121	spaghettio_core::blueprint::export_with_manifest_inner
blueprint.rs	160	edge-only	20	spaghettio_core::blueprint::export_with_manifest_validated
blueprint_parser.rs	96	edge-only	38	<spaghettio_core::blueprint_parser::BpEntityItems as serde_core::de::Deserialize>::deserialize::<&mut serde_json::de::Deserializer<{invalid syntax}::read::StrRead>>
blueprint_parser.rs	119	dark	11	<<spaghettio_core::blueprint_parser::BpEntityItems as serde_core::de::Deserialize>::deserialize::ItemsVisitor as {invalid syntax}::Visitor>::visit_map::<serde_json::de::MapAccess<{recursion limit reached}::read::StrRead::read::StrRead::read::StrRead::read::StrRead::read::StrRead::read::StrRead::read::StrRead::read::StrRead::read::StrRead::read::StrRead::read::StrRead::read::StrRead::read::StrRead::read::StrRead::read::StrRead::read::StrRead::read::StrRead::read::StrRead::read::StrRead::read::StrRead::read::StrRead::read::StrRead::read::StrRead::read::StrRead::read::StrRead::read::StrRead::read::StrRead::read::StrRead::read::StrRead::read::StrRead::read::StrRead::read::StrRead::read::StrRead::read::StrRead::read::StrRead::read::StrRead::read::StrRead::read::StrRead::read::StrRead::read::StrRead::read::StrRead::read::StrRead::read::StrRead::read::StrRead::read::StrRead::read::StrRead::read::StrRead::read::StrRead::read::StrRead::read::StrRead::read::StrRead::read::StrRead::read::StrRead::read::StrRead::read::StrRead::read::StrRead::read::StrRead::read::StrRead::read::StrRead::read::StrRead::read::StrRead::read::StrRead::read::StrRead::read::StrRead::read::StrRead::read::StrRead::read::StrRead::read::StrRead::read::StrRead::read::StrRead::read::StrRead::read::StrRead::read::StrRead::read::StrRead::read::StrRead::read::StrRead::read::StrRead::read::StrRead::read::StrRead::read::StrRead::read::StrRead::read::StrRead::read::StrRead::read::StrRead::read::StrRead::read::StrRead::read::StrRead::read::StrRead::read::StrRead::read::StrRead::read::StrRead::read::StrRead::read::StrRead::read::StrRead::read::StrRead::read::StrRead::read::StrRead::read::StrRead::read::StrRead::read::StrRead::read::StrRead::read::StrRead::read::StrRead::read::StrRead::read::StrRead::read::StrRead::read::StrRead::read::StrRead::read::StrRead::read::StrRead::read::StrRead::read::StrRead::read::StrRead::read::StrRead::read::StrRead::read::StrRead::read::StrRead::read::StrRead::read::StrRead::read::StrRead::read::StrRead::read::StrRead::read::StrRead::read::StrRead>>
blueprint_parser.rs	108	edge-only	9	<<spaghettio_core::blueprint_parser::BpEntityItems as serde_core::de::Deserialize>::deserialize::ItemsVisitor as {invalid syntax}::Visitor>::visit_seq::<serde_json::de::SeqAccess<{recursion limit reached}::read::StrRead::read::StrRead::read::StrRead::read::StrRead::read::StrRead::read::StrRead::read::StrRead::read::StrRead::read::StrRead::read::StrRead::read::StrRead::read::StrRead::read::StrRead::read::StrRead::read::StrRead::read::StrRead::read::StrRead::read::StrRead::read::StrRead::read::StrRead::read::StrRead::read::StrRead::read::StrRead::read::StrRead::read::StrRead::read::StrRead::read::StrRead::read::StrRead::read::StrRead::read::StrRead::read::StrRead::read::StrRead::read::StrRead::read::StrRead::read::StrRead::read::StrRead::read::StrRead::read::StrRead::read::StrRead::read::StrRead::read::StrRead::read::StrRead::read::StrRead::read::StrRead::read::StrRead::read::StrRead::read::StrRead::read::StrRead::read::StrRead::read::StrRead::read::StrRead::read::StrRead::read::StrRead::read::StrRead::read::StrRead::read::StrRead::read::StrRead::read::StrRead::read::StrRead::read::StrRead::read::StrRead::read::StrRead::read::StrRead::read::StrRead::read::StrRead::read::StrRead::read::StrRead::read::StrRead::read::StrRead::read::StrRead::read::StrRead::read::StrRead::read::StrRead::read::StrRead::read::StrRead::read::StrRead::read::StrRead::read::StrRead::read::StrRead::read::StrRead::read::StrRead::read::StrRead::read::StrRead::read::StrRead::read::StrRead::read::StrRead::read::StrRead::read::StrRead::read::StrRead::read::StrRead::read::StrRead::read::StrRead::read::StrRead::read::StrRead::read::StrRead::read::StrRead::read::StrRead::read::StrRead::read::StrRead::read::StrRead::read::StrRead::read::StrRead::read::StrRead::read::StrRead::read::StrRead::read::StrRead::read::StrRead::read::StrRead::read::StrRead::read::StrRead::read::StrRead::read::StrRead::read::StrRead::read::StrRead::read::StrRead::read::StrRead::read::StrRead::read::StrRead::read::StrRead::read::StrRead::read::StrRead::read::StrRead::read::StrRead::read::StrRead>>
blueprint_parser.rs	89	edge-only	1	spaghettio_core::blueprint_parser::extract_id::{closure#0}
blueprint_parser.rs	90	edge-only	1	spaghettio_core::blueprint_parser::extract_id::{closure#1}
blueprint_parser.rs	337	dark	1	spaghettio_core::blueprint_parser::decode_bp_string::{closure#0}
blueprint_parser.rs	345	dark	1	spaghettio_core::blueprint_parser::decode_bp_string::{closure#2}
blueprint_parser.rs	343	dark	1	spaghettio_core::blueprint_parser::decode_bp_string::{closure#1}
blueprint_parser.rs	141	edge-only	1	spaghettio_core::blueprint_parser::parse_item_value::{closure#0}
blueprint_parser.rs	159	edge-only	1	spaghettio_core::blueprint_parser::parse_item_value::{closure#2}
blueprint_parser.rs	160	edge-only	1	spaghettio_core::blueprint_parser::parse_item_value::{closure#3}
blueprint_parser.rs	161	edge-only	1	spaghettio_core::blueprint_parser::parse_item_value::{closure#4}
blueprint_parser.rs	165	edge-only	1	spaghettio_core::blueprint_parser::parse_item_value::{closure#5}
blueprint_parser.rs	166	edge-only	1	spaghettio_core::blueprint_parser::parse_item_value::{closure#6}
blueprint_parser.rs	144	edge-only	1	spaghettio_core::blueprint_parser::parse_item_value::{closure#1}
blueprint_parser.rs	408	edge-only	9	spaghettio_core::blueprint_parser::bp_data_to_layout::{closure#0}
blueprint_parser.rs	84	edge-only	10	spaghettio_core::blueprint_parser::extract_id
blueprint_parser.rs	137	edge-only	40	spaghettio_core::blueprint_parser::parse_item_value
blueprint_parser.rs	511	dark	14	spaghettio_core::blueprint_parser::collect_blueprints
blueprint_parser.rs	551	dark	20	spaghettio_core::blueprint_parser::parse_blueprint_string_any
blueprint_parser.rs	103	dark	3	<<spaghettio_core::blueprint_parser::BpEntityItems as serde_core::de::Deserialize>::deserialize::ItemsVisitor as {invalid syntax}::Visitor>::expecting
bus/balancer_classify.rs	244	edge-only	14	spaghettio_core::bus::balancer_classify::detect_priority_needed::{closure#0}
bus/balancer_classify.rs	283	edge-only	6	spaghettio_core::bus::balancer_classify::detect_priority_needed::{closure#1}
bus/balancer_classify.rs	133	edge-only	5	spaghettio_core::bus::balancer_classify::topology_of_template
bus/balancer_classify.rs	229	edge-only	85	spaghettio_core::bus::balancer_classify::detect_priority_needed
bus/balancer_classify.rs	117	edge-only	3	spaghettio_core::bus::balancer_classify::classify
bus/balancer_classify.rs	38	edge-only	11	<spaghettio_core::bus::balancer_classify::BalancerTemplateRef as core::convert::From<&spaghettio_core::bus::balancer_library::BalancerTemplate>>::from
bus/balancer_generate.rs	63	edge-only	11	<spaghettio_core::bus::balancer_generate::OwnedTemplate>::to_blueprint
bus/balancer_generate.rs	152	edge-only	53	spaghettio_core::bus::balancer_generate::one_to_two
bus/balancer_library.rs	85	edge-only	1	<spaghettio_core::bus::balancer_library::BalancerTemplateEntity>::stamp::{closure#2}
bus/balancer_library.rs	86	edge-only	1	<spaghettio_core::bus::balancer_library::BalancerTemplateEntity>::stamp::{closure#3}
bus/balancer_library.rs	4307	dark	7	<spaghettio_core::bus::balancer_library::TemplateProvenance>::factorio_sat
bus/balancer_library.rs	4323	dark	36	spaghettio_core::bus::balancer_library::template_provenance
bus/balancer_topology.rs	64	edge-only	1	spaghettio_core::bus::balancer_topology::passthrough::{closure#0}
bus/balancer_topology.rs	78	edge-only	12	spaghettio_core::bus::balancer_topology::one_to_two
bus/balancer_topology.rs	231	edge-only	7	spaghettio_core::bus::balancer_topology::shift_node
bus/balancer_topology.rs	95	edge-only	12	spaghettio_core::bus::balancer_topology::two_to_one
bus/balancer_topology.rs	62	edge-only	11	spaghettio_core::bus::balancer_topology::passthrough
bus/balancer_topology.rs	36	edge-only	4	spaghettio_core::bus::balancer_topology::library_atom
bus/balancer_topology.rs	239	edge-only	8	spaghettio_core::bus::balancer_topology::shift_b_node
bus/balancer_topology.rs	221	edge-only	9	spaghettio_core::bus::balancer_topology::clos_interleave
bus/balancer_topology.rs	157	edge-only	54	spaghettio_core::bus::balancer_topology::series_permuted
bus/balancer_topology.rs	44	dark	8	spaghettio_core::bus::balancer_topology::library_atom_strict
bus/balancer_topology.rs	144	edge-only	4	spaghettio_core::bus::balancer_topology::series
bus/balancer_topology.rs	119	edge-only	21	spaghettio_core::bus::balancer_topology::parallel
bus/bands.rs	1025	edge-only	1	spaghettio_core::bus::bands::route_packed_nets::{closure#16}::{closure#0}::{closure#0}::{closure#0}
bus/bands.rs	1017	edge-only	10	spaghettio_core::bus::bands::route_packed_nets::{closure#16}::{closure#0}::{closure#0}
bus/bands.rs	1038	edge-only	9	spaghettio_core::bus::bands::route_packed_nets::{closure#17}::{closure#0}::{closure#0}
bus/bands.rs	1662	dark	1	spaghettio_core::bus::bands::build_packed_layout_impl::{closure#10}::{closure#0}::{closure#0}
bus/bands.rs	422	dark	1	spaghettio_core::bus::bands::packing_refusal::{closure#1}::{closure#0}
bus/bands.rs	634	edge-only	1	spaghettio_core::bus::bands::build_packed_nets::{closure#1}::{closure#0}
bus/bands.rs	858	edge-only	1	spaghettio_core::bus::bands::route_packed_nets::{closure#3}::{closure#0}
bus/bands.rs	886	edge-only	7	spaghettio_core::bus::bands::route_packed_nets::{closure#6}::{closure#0}
bus/bands.rs	1015	edge-only	13	spaghettio_core::bus::bands::route_packed_nets::{closure#16}::{closure#0}
bus/bands.rs	1036	edge-only	12	spaghettio_core::bus::bands::route_packed_nets::{closure#17}::{closure#0}
bus/bands.rs	1083	dark	1	spaghettio_core::bus::bands::route_packed_nets::{closure#18}::{closure#0}
bus/bands.rs	1586	edge-only	1	spaghettio_core::bus::bands::build_packed_layout_impl::{closure#4}::{closure#0}
bus/bands.rs	1662	dark	1	spaghettio_core::bus::bands::build_packed_layout_impl::{closure#10}::{closure#0}
bus/bands.rs	1678	dark	1	spaghettio_core::bus::bands::build_packed_layout_impl::{closure#13}::{closure#0}
bus/bands.rs	172	edge-only	1	spaghettio_core::bus::bands::shelf_pack::{closure#0}
bus/bands.rs	495	edge-only	4	spaghettio_core::bus::bands::band_contents::{closure#0}
bus/bands.rs	507	edge-only	30	spaghettio_core::bus::bands::band_contents::{closure#1}
bus/bands.rs	142	edge-only	1	spaghettio_core::bus::bands::extract_bands::{closure#1}
bus/bands.rs	419	dark	6	spaghettio_core::bus::bands::packing_refusal::{closure#1}
bus/bands.rs	623	dark	1	spaghettio_core::bus::bands::build_packed_nets::{closure#0}
bus/bands.rs	631	edge-only	6	spaghettio_core::bus::bands::build_packed_nets::{closure#1}
bus/bands.rs	317	edge-only	1	spaghettio_core::bus::bands::plan_band_packing::{closure#1}
bus/bands.rs	812	edge-only	1	spaghettio_core::bus::bands::route_packed_nets::{closure#0}
bus/bands.rs	848	edge-only	1	spaghettio_core::bus::bands::route_packed_nets::{closure#2}
bus/bands.rs	858	edge-only	1	spaghettio_core::bus::bands::route_packed_nets::{closure#3}
bus/bands.rs	863	edge-only	1	spaghettio_core::bus::bands::route_packed_nets::{closure#4}
bus/bands.rs	874	edge-only	1	spaghettio_core::bus::bands::route_packed_nets::{closure#5}
bus/bands.rs	881	edge-only	14	spaghettio_core::bus::bands::route_packed_nets::{closure#6}
bus/bands.rs	898	edge-only	1	spaghettio_core::bus::bands::route_packed_nets::{closure#7}
bus/bands.rs	914	edge-only	1	spaghettio_core::bus::bands::route_packed_nets::{closure#8}
bus/bands.rs	943	edge-only	1	spaghettio_core::bus::bands::route_packed_nets::{closure#9}
bus/bands.rs	830	edge-only	12	spaghettio_core::bus::bands::route_packed_nets::{closure#1}
bus/bands.rs	968	edge-only	3	spaghettio_core::bus::bands::route_packed_nets::{closure#14}
bus/bands.rs	995	edge-only	3	spaghettio_core::bus::bands::route_packed_nets::{closure#15}
bus/bands.rs	1014	edge-only	15	spaghettio_core::bus::bands::route_packed_nets::{closure#16}
bus/bands.rs	1035	edge-only	14	spaghettio_core::bus::bands::route_packed_nets::{closure#17}
bus/bands.rs	1080	edge-only	5	spaghettio_core::bus::bands::route_packed_nets::{closure#18}
bus/bands.rs	1087	edge-only	1	spaghettio_core::bus::bands::route_packed_nets::{closure#19}
bus/bands.rs	1150	edge-only	4	spaghettio_core::bus::bands::route_packed_nets::{closure#21}
bus/bands.rs	1174	edge-only	1	spaghettio_core::bus::bands::route_packed_nets::{closure#22}
bus/bands.rs	1189	edge-only	1	spaghettio_core::bus::bands::route_packed_nets::{closure#23}
bus/bands.rs	1206	edge-only	1	spaghettio_core::bus::bands::route_packed_nets::{closure#24}
bus/bands.rs	1265	edge-only	1	spaghettio_core::bus::bands::route_packed_nets::{closure#25}
bus/bands.rs	1342	edge-only	1	spaghettio_core::bus::bands::route_packed_nets::{closure#26}
bus/bands.rs	1343	edge-only	1	spaghettio_core::bus::bands::route_packed_nets::{closure#27}
bus/bands.rs	1381	dark	3	spaghettio_core::bus::bands::route_packed_nets::{closure#33}
bus/bands.rs	1447	dark	1	spaghettio_core::bus::bands::route_packed_nets::{closure#34}
bus/bands.rs	270	edge-only	1	spaghettio_core::bus::bands::enumerate_pack_plans::{closure#1}
bus/bands.rs	1538	edge-only	11	spaghettio_core::bus::bands::build_packed_layout_impl::{closure#0}
bus/bands.rs	1575	dark	1	spaghettio_core::bus::bands::build_packed_layout_impl::{closure#2}
bus/bands.rs	1576	dark	7	spaghettio_core::bus::bands::build_packed_layout_impl::{closure#3}
bus/bands.rs	1586	edge-only	1	spaghettio_core::bus::bands::build_packed_layout_impl::{closure#4}
bus/bands.rs	1597	edge-only	1	spaghettio_core::bus::bands::build_packed_layout_impl::{closure#5}
bus/bands.rs	1626	edge-only	1	spaghettio_core::bus::bands::build_packed_layout_impl::{closure#6}
bus/bands.rs	1627	edge-only	1	spaghettio_core::bus::bands::build_packed_layout_impl::{closure#7}
bus/bands.rs	1641	edge-only	1	spaghettio_core::bus::bands::build_packed_layout_impl::{closure#8}
bus/bands.rs	1642	dark	6	spaghettio_core::bus::bands::build_packed_layout_impl::{closure#9}
bus/bands.rs	1659	dark	6	spaghettio_core::bus::bands::build_packed_layout_impl::{closure#10}
bus/bands.rs	1554	edge-only	7	spaghettio_core::bus::bands::build_packed_layout_impl::{closure#1}
bus/bands.rs	1678	dark	1	spaghettio_core::bus::bands::build_packed_layout_impl::{closure#13}
bus/bands.rs	1679	dark	1	spaghettio_core::bus::bands::build_packed_layout_impl::{closure#14}
bus/bands.rs	1680	dark	1	spaghettio_core::bus::bands::build_packed_layout_impl::{closure#15}
bus/bands.rs	1707	dark	1	spaghettio_core::bus::bands::build_packed_layout_impl::{closure#18}
bus/bands.rs	1712	dark	1	spaghettio_core::bus::bands::build_packed_layout_impl::{closure#19}
bus/bands.rs	1720	dark	1	spaghettio_core::bus::bands::build_packed_layout_impl::{closure#20}
bus/bands.rs	1738	dark	1	spaghettio_core::bus::bands::build_packed_layout_impl::{closure#22}
bus/bands.rs	704	edge-only	1	spaghettio_core::bus::bands::stamp_band_belt_rows_impl::{closure#0}
bus/bands.rs	716	edge-only	1	spaghettio_core::bus::bands::stamp_band_belt_rows_impl::{closure#2}
bus/bands.rs	734	dark	1	spaghettio_core::bus::bands::stamp_band_belt_rows_impl::{closure#3}
bus/bands.rs	715	edge-only	1	spaghettio_core::bus::bands::stamp_band_belt_rows_impl::{closure#1}
bus/bands.rs	159	edge-only	1	spaghettio_core::bus::bands::bbox::{closure#0}
bus/bands.rs	161	edge-only	1	spaghettio_core::bus::bands::bbox::{closure#2}
bus/bands.rs	289	edge-only	1	spaghettio_core::bus::bands::best_pack::{closure#0}
bus/bands.rs	236	dark	7	<spaghettio_core::bus::bands::PackedPlanCandidate>::selection
bus/bands.rs	169	edge-only	21	spaghettio_core::bus::bands::shelf_pack
bus/bands.rs	448	edge-only	5	spaghettio_core::bus::bands::is_transport
bus/bands.rs	457	edge-only	82	spaghettio_core::bus::bands::band_contents
bus/bands.rs	77	edge-only	79	spaghettio_core::bus::bands::extract_bands
bus/bands.rs	65	edge-only	3	spaghettio_core::bus::bands::is_structural
bus/bands.rs	383	edge-only	50	spaghettio_core::bus::bands::packing_refusal
bus/bands.rs	588	edge-only	72	spaghettio_core::bus::bands::build_packed_nets
bus/bands.rs	300	edge-only	37	spaghettio_core::bus::bands::plan_band_packing
bus/bands.rs	753	edge-only	717	spaghettio_core::bus::bands::route_packed_nets
bus/bands.rs	1484	edge-only	8	spaghettio_core::bus::bands::build_packed_layout
bus/bands.rs	251	edge-only	28	spaghettio_core::bus::bands::enumerate_pack_plans
bus/bands.rs	667	dark	8	spaghettio_core::bus::bands::stamp_band_belt_rows
bus/bands.rs	544	edge-only	26	spaghettio_core::bus::bands::translate_band_contents
bus/bands.rs	1517	edge-only	245	spaghettio_core::bus::bands::build_packed_layout_impl
bus/bands.rs	676	edge-only	66	spaghettio_core::bus::bands::stamp_band_belt_rows_impl
bus/bands.rs	1501	dark	15	spaghettio_core::bus::bands::build_packed_layout_selected
bus/bands.rs	158	edge-only	7	spaghettio_core::bus::bands::bbox
bus/bands.rs	285	edge-only	10	spaghettio_core::bus::bands::best_pack
bus/bands.rs	363	edge-only	14	<spaghettio_core::bus::bands::PackRefusal as core::fmt::Display>::fmt
bus/candidate_runner.rs	93	edge-only	6	<spaghettio_core::bus::candidate_runner::CandidatePlan>::new::<&str, spaghettio_core::bus::candidate_runner::FullSelectionCandidate>
bus/candidate_runner.rs	93	edge-only	6	<spaghettio_core::bus::candidate_runner::CandidatePlan>::new::<&str, spaghettio_core::bus::candidate_runner::FullSelectionCandidate>
bus/candidate_runner.rs	93	edge-only	6	<spaghettio_core::bus::candidate_runner::CandidatePlan>::new::<&str, candidate_runner::BboxDoublingCandidate>
bus/candidate_runner.rs	93	edge-only	6	<spaghettio_core::bus::candidate_runner::CandidatePlan>::new::<&str, candidate_runner::UnmeasurableCandidate>
bus/candidate_runner.rs	93	edge-only	6	<spaghettio_core::bus::candidate_runner::CandidatePlan>::new::<&str, candidate_runner::ShrinkOntoOverlapCandidate>
bus/candidate_runner.rs	93	edge-only	6	<spaghettio_core::bus::candidate_runner::CandidatePlan>::new::<&str, spaghettio_core::bus::template_candidate::TemplateCandidate>
bus/candidate_runner.rs	93	dark	6	<spaghettio_core::bus::candidate_runner::CandidatePlan>::new::<_, _>
bus/candidate_runner.rs	279	dark	1	spaghettio_core::bus::candidate_runner::run_candidate_field::{closure#2}::{closure#0}
bus/candidate_runner.rs	226	edge-only	1	spaghettio_core::bus::candidate_runner::run_candidate_field::{closure#0}
bus/candidate_runner.rs	275	edge-only	13	spaghettio_core::bus::candidate_runner::run_candidate_field::{closure#2}
bus/candidate_runner.rs	341	edge-only	1	spaghettio_core::bus::candidate_runner::run_candidate_field::{closure#3}
bus/candidate_runner.rs	240	edge-only	5	spaghettio_core::bus::candidate_runner::run_candidate_field::{closure#1}
bus/candidate_runner.rs	117	edge-only	1	spaghettio_core::bus::candidate_runner::run_plan::{closure#0}
bus/candidate_runner.rs	162	edge-only	6	<spaghettio_core::bus::candidate_runner::CandidateOutcome>::name
bus/candidate_runner.rs	125	dark	7	spaghettio_core::bus::candidate_runner::produce_plan
bus/candidate_runner.rs	212	edge-only	150	spaghettio_core::bus::candidate_runner::run_candidate_field
bus/candidate_runner.rs	110	edge-only	9	spaghettio_core::bus::candidate_runner::run_plan
bus/candidate_runner.rs	363	edge-only	6	spaghettio_core::bus::candidate_runner::issues_of
bus/candidate_runner.rs	61	dark	3	<spaghettio_core::bus::candidate_runner::FullSelectionCandidate as spaghettio_core::bus::decomposition_search::DecompositionCandidate>::name
bus/candidate_runner.rs	65	edge-only	7	<spaghettio_core::bus::candidate_runner::FullSelectionCandidate as spaghettio_core::bus::decomposition_search::DecompositionCandidate>::produce
bus/cells/chain.rs	647	dark	1	spaghettio_core::bus::cells::chain::retrofit_feed_hop::{closure#3}::{closure#0}
bus/cells/chain.rs	656	dark	1	spaghettio_core::bus::cells::chain::retrofit_feed_hop::{closure#3}::{closure#2}
bus/cells/chain.rs	648	dark	8	spaghettio_core::bus::cells::chain::retrofit_feed_hop::{closure#3}::{closure#1}
bus/cells/chain.rs	410	dark	1	<spaghettio_core::bus::cells::chain::Router>::hrow_west::{closure#2}
bus/cells/chain.rs	644	dark	17	spaghettio_core::bus::cells::chain::retrofit_feed_hop::{closure#3}
bus/cells/chain.rs	842	dark	1	spaghettio_core::bus::cells::chain::compose_chain_with_capacity_and_order::{closure#8}
bus/cells/chain.rs	844	dark	1	spaghettio_core::bus::cells::chain::compose_chain_with_capacity_and_order::{closure#9}
bus/cells/chain.rs	868	dark	1	spaghettio_core::bus::cells::chain::compose_chain_with_capacity_and_order::{closure#10}
bus/cells/chain.rs	1461	dark	1	spaghettio_core::bus::cells::chain::compose_chain_with_capacity_and_order::{closure#41}
bus/cells/chain.rs	879	dark	1	spaghettio_core::bus::cells::chain::compose_chain_with_capacity_and_order::{closure#51}
bus/cells/chain.rs	945	dark	1	spaghettio_core::bus::cells::chain::compose_chain_with_capacity_and_order::{closure#15}
bus/cells/chain.rs	1049	dark	1	spaghettio_core::bus::cells::chain::compose_chain_with_capacity_and_order::{closure#23}
bus/cells/chain.rs	713	dark	6	spaghettio_core::bus::cells::chain::compose_chain_compact
bus/cells/compose.rs	314	edge-only	1	spaghettio_core::bus::cells::compose::compose_pairs_calibrated::{closure#10}::{closure#0}
bus/cells/compose.rs	112	edge-only	1	spaghettio_core::bus::cells::compose::compose_plastic_calibrated::{closure#6}::{closure#0}
bus/cells/compose.rs	97	edge-only	1	spaghettio_core::bus::cells::compose::compose_plastic_calibrated::{closure#1}::{closure#0}
bus/cells/compose.rs	155	edge-only	1	spaghettio_core::bus::cells::compose::compose_pairs_calibrated::{closure#0}
bus/cells/compose.rs	205	edge-only	1	spaghettio_core::bus::cells::compose::compose_pairs_calibrated::{closure#2}
bus/cells/compose.rs	244	edge-only	1	spaghettio_core::bus::cells::compose::compose_pairs_calibrated::{closure#4}
bus/cells/compose.rs	246	edge-only	1	spaghettio_core::bus::cells::compose::compose_pairs_calibrated::{closure#5}
bus/cells/compose.rs	279	edge-only	1	spaghettio_core::bus::cells::compose::compose_pairs_calibrated::{closure#6}
bus/cells/compose.rs	313	edge-only	1	spaghettio_core::bus::cells::compose::compose_pairs_calibrated::{closure#9}
bus/cells/compose.rs	313	edge-only	3	spaghettio_core::bus::cells::compose::compose_pairs_calibrated::{closure#10}
bus/cells/compose.rs	84	edge-only	1	spaghettio_core::bus::cells::compose::compose_plastic_calibrated::{closure#0}
bus/cells/compose.rs	117	edge-only	1	spaghettio_core::bus::cells::compose::compose_plastic_calibrated::{closure#3}
bus/cells/compose.rs	110	edge-only	3	spaghettio_core::bus::cells::compose::compose_plastic_calibrated::{closure#6}
bus/cells/compose.rs	96	edge-only	2	spaghettio_core::bus::cells::compose::compose_plastic_calibrated::{closure#1}
bus/cells/compose.rs	147	edge-only	195	spaghettio_core::bus::cells::compose::compose_pairs_calibrated
bus/cells/compose.rs	68	edge-only	71	spaghettio_core::bus::cells::compose::compose_plastic_calibrated
bus/cells/extract.rs	79	dark	1	spaghettio_core::bus::cells::extract::generate_cell_layout_with_capacity::{closure#2}
bus/cells/extract.rs	53	dark	1	spaghettio_core::bus::cells::extract::generate_cell_layout_with_capacity::{closure#1}
bus/cells/extract.rs	21	edge-only	7	spaghettio_core::bus::cells::extract::generate_cell_layout
bus/cells/mega.rs	849	dark	1	spaghettio_core::bus::cells::mega::try_fluid_path::{closure#3}::{closure#0}
bus/cells/mega.rs	849	dark	1	spaghettio_core::bus::cells::mega::try_fluid_path::{closure#3}
bus/cells/mega.rs	374	dark	1	spaghettio_core::bus::cells::mega::adapt_with_spacing::{closure#9}
bus/cells/mega.rs	648	dark	1	spaghettio_core::bus::cells::mega::adapt_with_spacing::{closure#16}
bus/cells/mega.rs	1070	edge-only	1	spaghettio_core::bus::cells::mega::compose_mega_block::{closure#5}
bus/cells/mega.rs	1072	dark	3	spaghettio_core::bus::cells::mega::compose_mega_block::{closure#6}
bus/cells/mega.rs	1104	dark	1	spaghettio_core::bus::cells::mega::compose_mega_block::{closure#8}
bus/cells/mega.rs	68	dark	1	spaghettio_core::bus::cells::mega::compose_mega_calibrated::{closure#2}
bus/cells/mega.rs	47	dark	1	spaghettio_core::bus::cells::mega::compose_mega_calibrated::{closure#1}
bus/cells/placement.rs	456	edge-only	20	<spaghettio_core::bus::cells::placement::PlacementGraph>::longest_path_distance::<<spaghettio_core::bus::cells::placement::PlacementGraph>::score_folded::{closure#3}>
bus/cells/placement.rs	456	edge-only	20	<spaghettio_core::bus::cells::placement::PlacementGraph>::longest_path_distance::<<spaghettio_core::bus::cells::placement::PlacementGraph>::score_linear::{closure#0}>
bus/cells/placement.rs	79	edge-only	8	<spaghettio_core::bus::cells::placement::PlacementGraph>::from_specs::{closure#0}
bus/cells/placement.rs	377	edge-only	4	<spaghettio_core::bus::cells::placement::PlacementGraph>::best_linear::{closure#0}
bus/cells/placement.rs	203	edge-only	1	<spaghettio_core::bus::cells::placement::PlacementGraph>::score_folded::{closure#0}
bus/cells/placement.rs	219	edge-only	1	<spaghettio_core::bus::cells::placement::PlacementGraph>::score_folded::{closure#2}
bus/cells/placement.rs	261	edge-only	1	<spaghettio_core::bus::cells::placement::PlacementGraph>::score_folded::{closure#3}
bus/cells/placement.rs	216	edge-only	1	<spaghettio_core::bus::cells::placement::PlacementGraph>::score_folded::{closure#1}
bus/cells/placement.rs	163	edge-only	1	<spaghettio_core::bus::cells::placement::PlacementGraph>::score_linear::{closure#0}
bus/cells/placement.rs	302	edge-only	3	<spaghettio_core::bus::cells::placement::PlacementGraph>::improve_adjacent::{closure#0}
bus/cells/placement.rs	342	edge-only	3	<spaghettio_core::bus::cells::placement::PlacementGraph>::improve_relocate::{closure#0}
bus/cells/placement.rs	425	edge-only	1	<spaghettio_core::bus::cells::placement::PlacementGraph>::best_two_row_fold::{closure#0}
bus/cells/placement.rs	73	edge-only	51	<spaghettio_core::bus::cells::placement::PlacementGraph>::from_specs
bus/cells/placement.rs	362	edge-only	24	<spaghettio_core::bus::cells::placement::PlacementGraph>::best_linear
bus/cells/placement.rs	190	edge-only	94	<spaghettio_core::bus::cells::placement::PlacementGraph>::score_folded
bus/cells/placement.rs	128	edge-only	58	<spaghettio_core::bus::cells::placement::PlacementGraph>::score_linear
bus/cells/placement.rs	434	edge-only	19	<spaghettio_core::bus::cells::placement::PlacementGraph>::validate_order
bus/cells/placement.rs	287	edge-only	30	<spaghettio_core::bus::cells::placement::PlacementGraph>::improve_adjacent
bus/cells/placement.rs	321	edge-only	37	<spaghettio_core::bus::cells::placement::PlacementGraph>::improve_relocate
bus/cells/placement.rs	391	edge-only	42	<spaghettio_core::bus::cells::placement::PlacementGraph>::best_two_row_fold
bus/cells/registry.rs	102	dark	1	spaghettio_core::bus::cells::registry::geometry_hash::{closure#0}::{closure#0}
bus/cells/registry.rs	162	dark	3	spaghettio_core::bus::cells::registry::verification_note::{closure#1}
bus/cells/registry.rs	141	dark	1	spaghettio_core::bus::cells::registry::lookup::{closure#0}
bus/cells/registry.rs	137	dark	6	spaghettio_core::bus::cells::registry::lookup
bus/cells/registry.rs	80	edge-only	3	spaghettio_core::bus::cells::registry::entries
bus/decomposition_search.rs	962	dark	34	spaghettio_core::bus::decomposition_search::run_candidate::<spaghettio_core::bus::decomposition_search::select_best_decomposition::{closure#6}>
bus/decomposition_search.rs	1003	dark	43	spaghettio_core::bus::decomposition_search::run_candidate_catch_unwind::<spaghettio_core::bus::decomposition_search::select_best_decomposition::{closure#9}>
bus/decomposition_search.rs	542	dark	1	spaghettio_core::bus::decomposition_search::estimate_producer_count::{closure#0}::{closure#0}
bus/decomposition_search.rs	542	dark	1	spaghettio_core::bus::decomposition_search::estimate_producer_count::{closure#0}
bus/decomposition_search.rs	548	dark	1	spaghettio_core::bus::decomposition_search::estimate_producer_count::{closure#2}
bus/decomposition_search.rs	649	dark	3	spaghettio_core::bus::decomposition_search::build_k1_enrollment_plan::{closure#0}
bus/decomposition_search.rs	659	dark	1	spaghettio_core::bus::decomposition_search::build_k1_enrollment_plan::{closure#1}
bus/decomposition_search.rs	1158	dark	4	spaghettio_core::bus::decomposition_search::select_best_decomposition::{closure#6}
bus/decomposition_search.rs	1176	dark	1	spaghettio_core::bus::decomposition_search::select_best_decomposition::{closure#8}
bus/decomposition_search.rs	1179	dark	3	spaghettio_core::bus::decomposition_search::select_best_decomposition::{closure#9}
bus/decomposition_search.rs	361	edge-only	6	<spaghettio_core::bus::decomposition_search::CellComposedCandidate as spaghettio_core::bus::decomposition_search::DecompositionCandidate>::produce::{closure#0}
bus/decomposition_search.rs	435	dark	3	<spaghettio_core::bus::decomposition_search::ModuleSizeSplit as spaghettio_core::bus::decomposition_search::DecompositionCandidate>::produce::{closure#0}
bus/decomposition_search.rs	475	dark	7	<spaghettio_core::bus::decomposition_search::ModuleSizeSplit as spaghettio_core::bus::decomposition_search::DecompositionCandidate>::produce::{closure#2}
bus/decomposition_search.rs	455	dark	4	<spaghettio_core::bus::decomposition_search::ModuleSizeSplit as spaghettio_core::bus::decomposition_search::DecompositionCandidate>::produce::{closure#1}
bus/decomposition_search.rs	593	dark	22	spaghettio_core::bus::decomposition_search::k1_consumer_for_item
bus/decomposition_search.rs	534	dark	24	spaghettio_core::bus::decomposition_search::estimate_producer_count
bus/decomposition_search.rs	633	dark	60	spaghettio_core::bus::decomposition_search::build_k1_enrollment_plan
bus/decomposition_search.rs	568	dark	20	spaghettio_core::bus::decomposition_search::parse_unstampable_warnings
bus/decomposition_search.rs	81	edge-only	3	<spaghettio_core::bus::decomposition_search::NativeCandidate as spaghettio_core::bus::decomposition_search::DecompositionCandidate>::name
bus/decomposition_search.rs	145	dark	3	<spaghettio_core::bus::decomposition_search::DirectInsertionCandidate as spaghettio_core::bus::decomposition_search::DecompositionCandidate>::name
bus/decomposition_search.rs	270	dark	3	<spaghettio_core::bus::decomposition_search::HorizontalStackCandidate as spaghettio_core::bus::decomposition_search::DecompositionCandidate>::name
bus/decomposition_search.rs	327	dark	3	<spaghettio_core::bus::decomposition_search::CellComposedCandidate as spaghettio_core::bus::decomposition_search::DecompositionCandidate>::name
bus/decomposition_search.rs	410	dark	3	<spaghettio_core::bus::decomposition_search::ModuleSizeSplit as spaghettio_core::bus::decomposition_search::DecompositionCandidate>::name
bus/decomposition_search.rs	414	dark	107	<spaghettio_core::bus::decomposition_search::ModuleSizeSplit as spaghettio_core::bus::decomposition_search::DecompositionCandidate>::produce
bus/decomposition_search.rs	107	edge-only	3	<spaghettio_core::bus::decomposition_search::MergeTapCandidate as spaghettio_core::bus::decomposition_search::DecompositionCandidate>::name
bus/di_cell.rs	196	dark	7	_RINvMs_NtNtC15spaghettio_core3bus7di_cellNtB5_12DiClaimOrder6pinnedATReB1i_B1i_Ej1_EC3e2e
bus/di_cell.rs	196	dark	7	<spaghettio_core::bus::di_cell::DiClaimOrder>::pinned::<_>
bus/di_cell.rs	199	dark	1	_RNCINvMs_NtNtC15spaghettio_core3bus7di_cellNtB7_12DiClaimOrder6pinnedATReB1k_B1k_Ej1_E0C3e2e
bus/di_cell.rs	199	dark	1	<spaghettio_core::bus::di_cell::DiClaimOrder>::pinned::<_>::{closure#0}
bus/di_cell.rs	185	dark	7	<spaghettio_core::bus::di_cell::DiCouplingKey>::new
bus/eviction.rs	272	dark	1	<spaghettio_core::bus::eviction::EvictionStrategy as spaghettio_core::bus::junction_solver::JunctionStrategy>::try_solve::{closure#2}
bus/ghost_occupancy.rs	437	dark	1	<spaghettio_core::bus::ghost_occupancy::Occupancy>::release_for_pertile_template::{closure#0}::{closure#0}
bus/ghost_occupancy.rs	224	edge-only	1	<spaghettio_core::bus::ghost_occupancy::Occupancy>::is_permanent::{closure#0}
bus/ghost_occupancy.rs	489	edge-only	1	<spaghettio_core::bus::ghost_occupancy::Occupancy>::into_entities::{closure#0}
bus/ghost_occupancy.rs	494	edge-only	1	<spaghettio_core::bus::ghost_occupancy::Occupancy>::into_entities::{closure#1}
bus/ghost_occupancy.rs	383	edge-only	4	<spaghettio_core::bus::ghost_occupancy::Occupancy>::release_ghost_surface_in::{closure#0}
bus/ghost_occupancy.rs	256	dark	1	<spaghettio_core::bus::ghost_occupancy::Occupancy>::snapshot_permanent_tiles::{closure#0}
bus/ghost_occupancy.rs	200	edge-only	3	<spaghettio_core::bus::ghost_occupancy::Occupancy>::entity_count
bus/ghost_occupancy.rs	223	edge-only	3	<spaghettio_core::bus::ghost_occupancy::Occupancy>::is_permanent
bus/ghost_occupancy.rs	369	dark	3	<spaghettio_core::bus::ghost_occupancy::Occupancy>::release_tile
bus/ghost_occupancy.rs	485	edge-only	12	<spaghettio_core::bus::ghost_occupancy::Occupancy>::into_entities
bus/ghost_occupancy.rs	290	edge-only	23	<spaghettio_core::bus::ghost_occupancy::Occupancy>::forced_empty_in
bus/ghost_occupancy.rs	379	edge-only	16	<spaghettio_core::bus::ghost_occupancy::Occupancy>::release_ghost_surface_in
bus/ghost_occupancy.rs	253	dark	7	<spaghettio_core::bus::ghost_occupancy::Occupancy>::snapshot_permanent_tiles
bus/ghost_occupancy.rs	216	edge-only	3	<spaghettio_core::bus::ghost_occupancy::Occupancy>::is_free
bus/ghost_occupancy.rs	93	edge-only	3	<spaghettio_core::bus::ghost_occupancy::Claim>::is_permanent
bus/ghost_router.rs	5302	dark	1	spaghettio_core::bus::ghost_router::flow_compatible_ug_upgrade::{closure#0}::{closure#2}::{closure#0}
bus/ghost_router.rs	5314	dark	1	spaghettio_core::bus::ghost_router::flow_compatible_ug_upgrade::{closure#0}::{closure#3}::{closure#0}
bus/ghost_router.rs	262	dark	1	spaghettio_core::bus::ghost_router::bridge_feeder_under_foreign_trunks::{closure#0}::{closure#0}::{closure#0}
bus/ghost_router.rs	2948	dark	1	spaghettio_core::bus::ghost_router::route_bus_ghost::{closure#49}::{closure#0}
bus/ghost_router.rs	2952	dark	1	spaghettio_core::bus::ghost_router::route_bus_ghost::{closure#49}::{closure#1}
bus/ghost_router.rs	6231	dark	1	spaghettio_core::bus::ghost_router::dump_region_fixture::{closure#2}::{closure#0}
bus/ghost_router.rs	6238	dark	1	spaghettio_core::bus::ghost_router::dump_region_fixture::{closure#4}::{closure#0}
bus/ghost_router.rs	6241	dark	1	spaghettio_core::bus::ghost_router::dump_region_fixture::{closure#4}::{closure#1}
bus/ghost_router.rs	5861	dark	15	spaghettio_core::bus::ghost_router::bridge_belt_over_pipe::{closure#2}::{closure#0}
bus/ghost_router.rs	5886	dark	15	spaghettio_core::bus::ghost_router::bridge_belt_over_pipe::{closure#3}::{closure#0}
bus/ghost_router.rs	5851	dark	1	spaghettio_core::bus::ghost_router::bridge_belt_over_pipe::{closure#1}::{closure#0}
bus/ghost_router.rs	5300	dark	1	spaghettio_core::bus::ghost_router::flow_compatible_ug_upgrade::{closure#0}::{closure#0}
bus/ghost_router.rs	5302	dark	1	spaghettio_core::bus::ghost_router::flow_compatible_ug_upgrade::{closure#0}::{closure#2}
bus/ghost_router.rs	5305	dark	11	spaghettio_core::bus::ghost_router::flow_compatible_ug_upgrade::{closure#0}::{closure#3}
bus/ghost_router.rs	5301	dark	1	spaghettio_core::bus::ghost_router::flow_compatible_ug_upgrade::{closure#0}::{closure#1}
bus/ghost_router.rs	5672	dark	9	spaghettio_core::bus::ghost_router::try_bridge::{closure#0}
bus/ghost_router.rs	5720	dark	1	spaghettio_core::bus::ghost_router::try_bridge::{closure#2}
bus/ghost_router.rs	5719	dark	1	spaghettio_core::bus::ghost_router::try_bridge::{closure#1}
bus/ghost_router.rs	3661	dark	1	spaghettio_core::bus::ghost_router::route_bus_ghost::{closure#66}
bus/ghost_router.rs	3788	edge-only	1	spaghettio_core::bus::ghost_router::route_bus_ghost::{closure#70}
bus/ghost_router.rs	4069	dark	1	spaghettio_core::bus::ghost_router::route_bus_ghost::{closure#85}
bus/ghost_router.rs	3154	dark	1	spaghettio_core::bus::ghost_router::route_bus_ghost::{closure#96}
bus/ghost_router.rs	2731	dark	1	spaghettio_core::bus::ghost_router::route_bus_ghost::{closure#41}
bus/ghost_router.rs	3606	dark	1	spaghettio_core::bus::ghost_router::route_bus_ghost::{closure#62}
bus/ghost_router.rs	3613	dark	2	spaghettio_core::bus::ghost_router::route_bus_ghost::{closure#63}
bus/ghost_router.rs	503	dark	6	spaghettio_core::bus::ghost_router::route_bus_ghost::{closure#1}
bus/ghost_router.rs	2419	dark	2	spaghettio_core::bus::ghost_router::route_bus_ghost::{closure#28}
bus/ghost_router.rs	2477	dark	1	spaghettio_core::bus::ghost_router::route_bus_ghost::{closure#31}
bus/ghost_router.rs	6219	dark	1	spaghettio_core::bus::ghost_router::dump_region_fixture::{closure#0}
bus/ghost_router.rs	6231	dark	1	spaghettio_core::bus::ghost_router::dump_region_fixture::{closure#2}
bus/ghost_router.rs	6232	dark	1	spaghettio_core::bus::ghost_router::dump_region_fixture::{closure#3}
bus/ghost_router.rs	6235	dark	9	spaghettio_core::bus::ghost_router::dump_region_fixture::{closure#4}
bus/ghost_router.rs	6254	dark	1	spaghettio_core::bus::ghost_router::dump_region_fixture::{closure#5}
bus/ghost_router.rs	6257	dark	1	spaghettio_core::bus::ghost_router::dump_region_fixture::{closure#6}
bus/ghost_router.rs	6258	dark	1	spaghettio_core::bus::ghost_router::dump_region_fixture::{closure#7}
bus/ghost_router.rs	6265	dark	1	spaghettio_core::bus::ghost_router::dump_region_fixture::{closure#8}
bus/ghost_router.rs	6266	dark	1	spaghettio_core::bus::ghost_router::dump_region_fixture::{closure#9}
bus/ghost_router.rs	6270	dark	1	spaghettio_core::bus::ghost_router::dump_region_fixture::{closure#10}
bus/ghost_router.rs	6271	dark	1	spaghettio_core::bus::ghost_router::dump_region_fixture::{closure#11}
bus/ghost_router.rs	6221	dark	3	spaghettio_core::bus::ghost_router::dump_region_fixture::{closure#1}
bus/ghost_router.rs	6275	dark	1	spaghettio_core::bus::ghost_router::dump_region_fixture::{closure#12}
bus/ghost_router.rs	6276	dark	1	spaghettio_core::bus::ghost_router::dump_region_fixture::{closure#13}
bus/ghost_router.rs	6280	dark	1	spaghettio_core::bus::ghost_router::dump_region_fixture::{closure#14}
bus/ghost_router.rs	5829	dark	9	spaghettio_core::bus::ghost_router::bridge_belt_over_pipe::{closure#0}
bus/ghost_router.rs	5860	dark	17	spaghettio_core::bus::ghost_router::bridge_belt_over_pipe::{closure#2}
bus/ghost_router.rs	5885	dark	17	spaghettio_core::bus::ghost_router::bridge_belt_over_pipe::{closure#3}
bus/ghost_router.rs	5908	dark	28	spaghettio_core::bus::ghost_router::bridge_belt_over_pipe::{closure#4}
bus/ghost_router.rs	5992	dark	1	spaghettio_core::bus::ghost_router::bridge_belt_over_pipe::{closure#5}
bus/ghost_router.rs	5993	dark	1	spaghettio_core::bus::ghost_router::bridge_belt_over_pipe::{closure#6}
bus/ghost_router.rs	6019	dark	1	spaghettio_core::bus::ghost_router::bridge_belt_over_pipe::{closure#7}
bus/ghost_router.rs	5848	dark	5	spaghettio_core::bus::ghost_router::bridge_belt_over_pipe::{closure#1}
bus/ghost_router.rs	4971	dark	1	spaghettio_core::bus::ghost_router::blame_unsolvable_cluster::{closure#0}
bus/ghost_router.rs	5000	dark	1	spaghettio_core::bus::ghost_router::blame_unsolvable_cluster::{closure#2}
bus/ghost_router.rs	4975	dark	19	spaghettio_core::bus::ghost_router::blame_unsolvable_cluster::{closure#1}
bus/ghost_router.rs	5293	dark	27	spaghettio_core::bus::ghost_router::flow_compatible_ug_upgrade::{closure#0}
bus/ghost_router.rs	5323	dark	20	spaghettio_core::bus::ghost_router::flow_compatible_ug_upgrade::{closure#1}
bus/ghost_router.rs	5646	dark	143	spaghettio_core::bus::ghost_router::try_bridge
bus/ghost_router.rs	5168	dark	7	spaghettio_core::bus::ghost_router::ug_for_belt
bus/ghost_router.rs	4694	dark	3	spaghettio_core::bus::ghost_router::is_horizontal
bus/ghost_router.rs	4681	dark	12	spaghettio_core::bus::ghost_router::is_perpendicular
bus/ghost_router.rs	5182	dark	21	spaghettio_core::bus::ghost_router::any_spec_turns_at
bus/ghost_router.rs	5803	dark	262	spaghettio_core::bus::ghost_router::bridge_belt_over_pipe
bus/ghost_router.rs	5412	dark	107	spaghettio_core::bus::ghost_router::ug_endpoint_conflicts
bus/ghost_router.rs	4948	dark	64	spaghettio_core::bus::ghost_router::blame_unsolvable_cluster
bus/ghost_router.rs	5525	dark	117	spaghettio_core::bus::ghost_router::solve_perpendicular_template
bus/ghost_router.rs	6089	dark	4	spaghettio_core::bus::ghost_router::perpendicular_template_strategy
bus/junction.rs	133	dark	3	<spaghettio_core::bus::junction::SpecCrossing>::is_straight
bus/junction.rs	157	dark	7	<spaghettio_core::bus::junction::Junction>::class_count
bus/junction_sat_strategy.rs	78	dark	1	spaghettio_core::bus::junction_sat_strategy::env_descent_budget_ms::{closure#0}::{closure#0}
bus/junction_sat_strategy.rs	1927	dark	4	spaghettio_core::bus::junction_sat_strategy::prune_dangling_sat_entities::{closure#7}
bus/junction_sat_strategy.rs	256	dark	3	<spaghettio_core::bus::junction_sat_strategy::SatConstraints as core::default::Default>::default
bus/junction_solver.rs	631	dark	1	<spaghettio_core::bus::junction_solver::GrowingRegion>::promote_fully_enclosed::{closure#0}::{closure#0}::{closure#0}
bus/junction_solver.rs	631	dark	1	<spaghettio_core::bus::junction_solver::GrowingRegion>::promote_fully_enclosed::{closure#0}::{closure#0}
bus/junction_solver.rs	1168	dark	1	spaghettio_core::bus::junction_solver::solve_crossing::{closure#0}::{closure#0}
bus/junction_solver.rs	703	dark	1	<spaghettio_core::bus::junction_solver::GrowingRegion>::to_junction::{closure#0}
bus/junction_solver.rs	754	dark	1	<spaghettio_core::bus::junction_solver::GrowingRegion>::to_junction::{closure#1}
bus/junction_solver.rs	628	dark	5	<spaghettio_core::bus::junction_solver::GrowingRegion>::promote_fully_enclosed::{closure#0}
bus/junction_solver.rs	646	dark	1	<spaghettio_core::bus::junction_solver::GrowingRegion>::promote_fully_enclosed::{closure#1}
bus/junction_solver.rs	2138	dark	1	spaghettio_core::bus::junction_solver::dump_walker_veto::{closure#0}
bus/junction_solver.rs	2206	dark	1	spaghettio_core::bus::junction_solver::dump_walker_veto::{closure#1}
bus/junction_solver.rs	1752	dark	1	spaghettio_core::bus::junction_solver::try_solve_on_region::{closure#1}
bus/junction_solver.rs	2386	dark	1	spaghettio_core::bus::junction_solver::junction_boundaries_to_snapshots::{closure#0}
bus/junction_solver.rs	2394	dark	1	spaghettio_core::bus::junction_solver::junction_boundaries_to_snapshots::{closure#1}
bus/junction_solver.rs	458	dark	26	<spaghettio_core::bus::junction_solver::GrowingRegion>::recompute_bbox
bus/junction_solver.rs	618	dark	36	<spaghettio_core::bus::junction_solver::GrowingRegion>::promote_fully_enclosed
bus/junction_solver.rs	406	dark	45	<spaghettio_core::bus::junction_solver::GrowingRegion>::grow
bus/junction_solver.rs	2272	dark	6	spaghettio_core::bus::junction_solver::parse_pair
bus/junction_solver.rs	2013	dark	9	spaghettio_core::bus::junction_solver::bbox_tiles_set
bus/junction_solver.rs	2254	dark	16	spaghettio_core::bus::junction_solver::parse_dump_filter
bus/lane_planner.rs	484	dark	1	spaghettio_core::bus::lane_planner::plan_bus_lanes::{closure#6}
bus/layout.rs	286	edge-only	1	<spaghettio_core::bus::layout::LayoutOptions>::from_belt_tier::{closure#0}
bus/layout.rs	1721	dark	1	spaghettio_core::bus::layout::compute_extra_gaps::{closure#2}
bus/layout.rs	1645	dark	1	spaghettio_core::bus::layout::build_bus_layout_streaming::{closure#0}
bus/layout.rs	497	dark	1	spaghettio_core::bus::layout::run_layout_with_retry_inner::{closure#1}
bus/layout.rs	284	edge-only	6	<spaghettio_core::bus::layout::LayoutOptions>::from_belt_tier
bus/layout.rs	1626	edge-only	9	spaghettio_core::bus::layout::build_bus_layout_traced
bus/layout.rs	1639	dark	11	spaghettio_core::bus::layout::build_bus_layout_streaming
bus/layout.rs	413	dark	7	spaghettio_core::bus::layout::run_layout_with_explicit_plan
bus/layout.rs	344	dark	19	spaghettio_core::bus::layout::build_rotation_aware_row_layout
bus/layout.rs	367	dark	25	spaghettio_core::bus::layout::build_rotation_aware_row_layout_selected
bus/partitioner.rs	984	dark	3	spaghettio_core::bus::partitioner::pooled_flow::<_>
bus/partitioner.rs	176	dark	1	<spaghettio_core::bus::partitioner::PartitionPlan>::modules_for_item::{closure#0}
bus/partitioner.rs	170	dark	1	<spaghettio_core::bus::partitioner::PartitionPlan>::module_for_consumer::{closure#0}
bus/partitioner.rs	878	edge-only	1	spaghettio_core::bus::partitioner::apply_size_split::{closure#1}
bus/partitioner.rs	109	dark	1	spaghettio_core::bus::partitioner::multi_consumer_items::{closure#0}
bus/partitioner.rs	977	dark	1	spaghettio_core::bus::partitioner::apply_cap_driven_split::{closure#1}
bus/partitioner.rs	402	edge-only	6	spaghettio_core::bus::partitioner::decompose_oversized_modules::{closure#0}
bus/partitioner.rs	175	dark	3	<spaghettio_core::bus::partitioner::PartitionPlan>::modules_for_item
bus/partitioner.rs	167	dark	5	<spaghettio_core::bus::partitioner::PartitionPlan>::module_for_consumer
bus/partitioner.rs	810	edge-only	75	spaghettio_core::bus::partitioner::apply_size_split
bus/partitioner.rs	75	edge-only	7	spaghettio_core::bus::partitioner::lane_utilization
bus/partitioner.rs	93	dark	9	spaghettio_core::bus::partitioner::consumers_per_item
bus/partitioner.rs	106	dark	9	spaghettio_core::bus::partitioner::multi_consumer_items
bus/partitioner.rs	904	dark	77	spaghettio_core::bus::partitioner::apply_cap_driven_split
bus/placer.rs	2946	dark	5	spaghettio_core::bus::placer::place_rows::{closure#5}::{closure#0}
bus/placer.rs	2919	dark	1	spaghettio_core::bus::placer::place_rows::{closure#4}
bus/placer.rs	2944	dark	9	spaghettio_core::bus::placer::place_rows::{closure#5}
bus/placer.rs	2352	edge-only	1	spaghettio_core::bus::placer::row_cell_eligible::{closure#5}
bus/placer.rs	2638	dark	1	spaghettio_core::bus::placer::try_build_row_cell::{closure#17}
bus/placer.rs	623	edge-only	43	<spaghettio_core::bus::placer::RowKind>::row_height
bus/placer.rs	3345	dark	33	spaghettio_core::bus::placer::place_rows_from_result
bus/region_reimprove.rs	86	dark	51	spaghettio_core::bus::region_reimprove::descend::<_>
bus/region_reimprove.rs	155	dark	9	spaghettio_core::bus::region_reimprove::rebuild_zone_from_region::{closure#0}
bus/region_reimprove.rs	51	dark	3	spaghettio_core::bus::region_reimprove::deadline_in
bus/region_reimprove.rs	36	dark	11	spaghettio_core::bus::region_reimprove::prune_dangling
bus/region_reimprove.rs	144	dark	45	spaghettio_core::bus::region_reimprove::rebuild_zone_from_region
bus/region_walker.rs	56	edge-only	3	<spaghettio_core::bus::region_walker::WalkResult>::is_passed
bus/row_rotation.rs	681	dark	11	spaghettio_core::bus::row_rotation::average_point::<core::iter::adapters::map::Map<{invalid syntax}::flatten::Flatten<{invalid syntax}::option::IntoIter<&alloc::vec::Vec<usize>>>, spaghettio_core::bus::row_rotation::place_macros::{closure#4}>>
bus/row_rotation.rs	681	dark	11	spaghettio_core::bus::row_rotation::average_point::<core::iter::adapters::map::Map<{invalid syntax}::flatten::Flatten<{invalid syntax}::option::IntoIter<&alloc::vec::Vec<usize>>>, spaghettio_core::bus::row_rotation::place_macros::{closure#5}>>
bus/row_rotation.rs	681	dark	11	spaghettio_core::bus::row_rotation::average_point::<_>
bus/row_rotation.rs	1332	dark	1	spaghettio_core::bus::row_rotation::route_edge_path::{closure#2}::{closure#0}::{closure#0}::{closure#0}
bus/row_rotation.rs	1329	dark	5	spaghettio_core::bus::row_rotation::route_edge_path::{closure#2}::{closure#0}::{closure#0}
bus/row_rotation.rs	1929	dark	1	spaghettio_core::bus::row_rotation::build_rotation_aware_layout::{closure#3}::{closure#1}::{closure#0}
bus/row_rotation.rs	427	dark	1	spaghettio_core::bus::row_rotation::orient_macro::{closure#1}::{closure#0}
bus/row_rotation.rs	430	dark	1	spaghettio_core::bus::row_rotation::orient_macro::{closure#1}::{closure#1}
bus/row_rotation.rs	1324	dark	11	spaghettio_core::bus::row_rotation::route_edge_path::{closure#2}::{closure#0}
bus/row_rotation.rs	1012	dark	1	spaghettio_core::bus::row_rotation::place_fanout_hub::{closure#5}::{closure#0}
bus/row_rotation.rs	395	dark	1	spaghettio_core::bus::row_rotation::extract_row_macros::{closure#13}::{closure#0}
bus/row_rotation.rs	1095	dark	1	spaghettio_core::bus::row_rotation::assemble_route_work::{closure#3}::{closure#0}
bus/row_rotation.rs	1096	dark	1	spaghettio_core::bus::row_rotation::assemble_route_work::{closure#3}::{closure#1}
bus/row_rotation.rs	1212	dark	4	spaghettio_core::bus::row_rotation::assemble_route_work::{closure#6}::{closure#0}
bus/row_rotation.rs	1219	dark	1	spaghettio_core::bus::row_rotation::assemble_route_work::{closure#6}::{closure#2}
bus/row_rotation.rs	1218	dark	1	spaghettio_core::bus::row_rotation::assemble_route_work::{closure#6}::{closure#1}
bus/row_rotation.rs	915	dark	4	spaghettio_core::bus::row_rotation::stamp_rotated_balancer::{closure#2}::{closure#0}
bus/row_rotation.rs	671	dark	1	spaghettio_core::bus::row_rotation::enumerate_rotation_plans::{closure#4}::{closure#0}
bus/row_rotation.rs	673	dark	1	spaghettio_core::bus::row_rotation::enumerate_rotation_plans::{closure#4}::{closure#2}
bus/row_rotation.rs	674	dark	1	spaghettio_core::bus::row_rotation::enumerate_rotation_plans::{closure#4}::{closure#3}
bus/row_rotation.rs	675	dark	1	spaghettio_core::bus::row_rotation::enumerate_rotation_plans::{closure#4}::{closure#4}
bus/row_rotation.rs	672	dark	1	spaghettio_core::bus::row_rotation::enumerate_rotation_plans::{closure#4}::{closure#1}
bus/row_rotation.rs	1592	dark	1	spaghettio_core::bus::row_rotation::route_work_with_priority::{closure#0}::{closure#0}
bus/row_rotation.rs	1917	dark	1	spaghettio_core::bus::row_rotation::build_rotation_aware_layout::{closure#2}::{closure#0}
bus/row_rotation.rs	1918	dark	1	spaghettio_core::bus::row_rotation::build_rotation_aware_layout::{closure#2}::{closure#1}
bus/row_rotation.rs	1923	dark	3	spaghettio_core::bus::row_rotation::build_rotation_aware_layout::{closure#3}::{closure#0}
bus/row_rotation.rs	1934	dark	1	spaghettio_core::bus::row_rotation::build_rotation_aware_layout::{closure#3}::{closure#2}
bus/row_rotation.rs	1935	dark	1	spaghettio_core::bus::row_rotation::build_rotation_aware_layout::{closure#3}::{closure#3}
bus/row_rotation.rs	1936	dark	1	spaghettio_core::bus::row_rotation::build_rotation_aware_layout::{closure#3}::{closure#4}
bus/row_rotation.rs	1926	dark	6	spaghettio_core::bus::row_rotation::build_rotation_aware_layout::{closure#3}::{closure#1}
bus/row_rotation.rs	199	edge-only	1	spaghettio_core::bus::row_rotation::entity_dims::{closure#0}
bus/row_rotation.rs	463	dark	1	spaghettio_core::bus::row_rotation::shelf_place::{closure#0}
bus/row_rotation.rs	489	edge-only	1	spaghettio_core::bus::row_rotation::shelf_place::{closure#2}
bus/row_rotation.rs	495	edge-only	1	spaghettio_core::bus::row_rotation::shelf_place::{closure#3}
bus/row_rotation.rs	464	dark	8	spaghettio_core::bus::row_rotation::shelf_place::{closure#1}
bus/row_rotation.rs	418	dark	1	spaghettio_core::bus::row_rotation::orient_macro::{closure#0}
bus/row_rotation.rs	423	dark	21	spaghettio_core::bus::row_rotation::orient_macro::{closure#1}
bus/row_rotation.rs	745	dark	1	spaghettio_core::bus::row_rotation::place_macros::{closure#0}
bus/row_rotation.rs	758	dark	1	spaghettio_core::bus::row_rotation::place_macros::{closure#2}
bus/row_rotation.rs	765	dark	1	spaghettio_core::bus::row_rotation::place_macros::{closure#3}
bus/row_rotation.rs	796	dark	1	spaghettio_core::bus::row_rotation::place_macros::{closure#4}
bus/row_rotation.rs	803	dark	1	spaghettio_core::bus::row_rotation::place_macros::{closure#5}
bus/row_rotation.rs	819	dark	1	spaghettio_core::bus::row_rotation::place_macros::{closure#6}
bus/row_rotation.rs	824	dark	1	spaghettio_core::bus::row_rotation::place_macros::{closure#7}
bus/row_rotation.rs	828	dark	1	spaghettio_core::bus::row_rotation::place_macros::{closure#8}
bus/row_rotation.rs	829	dark	1	spaghettio_core::bus::row_rotation::place_macros::{closure#9}
bus/row_rotation.rs	750	dark	1	spaghettio_core::bus::row_rotation::place_macros::{closure#1}
bus/row_rotation.rs	1676	edge-only	1	spaghettio_core::bus::row_rotation::finish_layout::{closure#2}
bus/row_rotation.rs	1682	edge-only	1	spaghettio_core::bus::row_rotation::finish_layout::{closure#3}
bus/row_rotation.rs	505	dark	1	spaghettio_core::bus::row_rotation::macro_centres::{closure#0}
bus/row_rotation.rs	701	edge-only	1	spaghettio_core::bus::row_rotation::choose_run_port::{closure#0}
bus/row_rotation.rs	724	edge-only	7	spaghettio_core::bus::row_rotation::choose_run_port::{closure#1}
bus/row_rotation.rs	1291	dark	1	spaghettio_core::bus::row_rotation::route_edge_path::{closure#0}
bus/row_rotation.rs	1316	dark	20	spaghettio_core::bus::row_rotation::route_edge_path::{closure#2}
bus/row_rotation.rs	1350	dark	1	spaghettio_core::bus::row_rotation::route_edge_path::{closure#4}
bus/row_rotation.rs	1298	dark	18	spaghettio_core::bus::row_rotation::route_edge_path::{closure#1}
bus/row_rotation.rs	1523	dark	3	spaghettio_core::bus::row_rotation::route_work_once::{closure#0}
bus/row_rotation.rs	1536	dark	4	spaghettio_core::bus::row_rotation::route_work_once::{closure#2}
bus/row_rotation.rs	1555	dark	5	spaghettio_core::bus::row_rotation::route_work_once::{closure#7}
bus/row_rotation.rs	1534	dark	1	spaghettio_core::bus::row_rotation::route_work_once::{closure#1}
bus/row_rotation.rs	518	dark	1	spaghettio_core::bus::row_rotation::estimate_transit::{closure#0}
bus/row_rotation.rs	529	dark	4	spaghettio_core::bus::row_rotation::estimate_transit::{closure#2}
bus/row_rotation.rs	545	dark	1	spaghettio_core::bus::row_rotation::estimate_transit::{closure#3}
bus/row_rotation.rs	524	dark	1	spaghettio_core::bus::row_rotation::estimate_transit::{closure#1}
bus/row_rotation.rs	974	dark	1	spaghettio_core::bus::row_rotation::place_fanout_hub::{closure#0}
bus/row_rotation.rs	980	dark	1	spaghettio_core::bus::row_rotation::place_fanout_hub::{closure#3}
bus/row_rotation.rs	986	dark	1	spaghettio_core::bus::row_rotation::place_fanout_hub::{closure#4}
bus/row_rotation.rs	1010	dark	4	spaghettio_core::bus::row_rotation::place_fanout_hub::{closure#5}
bus/row_rotation.rs	1031	dark	4	spaghettio_core::bus::row_rotation::place_fanout_hub::{closure#6}
bus/row_rotation.rs	1040	dark	1	spaghettio_core::bus::row_rotation::place_fanout_hub::{closure#7}
bus/row_rotation.rs	1062	dark	6	spaghettio_core::bus::row_rotation::place_fanout_hub::{closure#8}
bus/row_rotation.rs	1074	dark	1	spaghettio_core::bus::row_rotation::place_fanout_hub::{closure#9}
bus/row_rotation.rs	294	dark	1	spaghettio_core::bus::row_rotation::extract_row_macros::{closure#3}
bus/row_rotation.rs	303	dark	1	spaghettio_core::bus::row_rotation::extract_row_macros::{closure#4}
bus/row_rotation.rs	321	dark	1	spaghettio_core::bus::row_rotation::extract_row_macros::{closure#5}
bus/row_rotation.rs	345	dark	1	spaghettio_core::bus::row_rotation::extract_row_macros::{closure#8}
bus/row_rotation.rs	346	dark	1	spaghettio_core::bus::row_rotation::extract_row_macros::{closure#9}
bus/row_rotation.rs	358	dark	11	spaghettio_core::bus::row_rotation::extract_row_macros::{closure#11}
bus/row_rotation.rs	279	dark	5	spaghettio_core::bus::row_rotation::extract_row_macros::{closure#1}
bus/row_rotation.rs	376	dark	8	spaghettio_core::bus::row_rotation::extract_row_macros::{closure#12}
bus/row_rotation.rs	393	dark	4	spaghettio_core::bus::row_rotation::extract_row_macros::{closure#13}
bus/row_rotation.rs	1747	dark	7	spaghettio_core::bus::row_rotation::plan_rotation_mask::{closure#0}
bus/row_rotation.rs	1082	dark	1	spaghettio_core::bus::row_rotation::assemble_route_work::{closure#0}
bus/row_rotation.rs	1089	dark	1	spaghettio_core::bus::row_rotation::assemble_route_work::{closure#2}
bus/row_rotation.rs	1091	dark	7	spaghettio_core::bus::row_rotation::assemble_route_work::{closure#3}
bus/row_rotation.rs	1211	dark	10	spaghettio_core::bus::row_rotation::assemble_route_work::{closure#6}
bus/row_rotation.rs	1437	dark	1	spaghettio_core::bus::row_rotation::materialize_edge_path::{closure#0}
bus/row_rotation.rs	1474	dark	1	spaghettio_core::bus::row_rotation::materialize_edge_path::{closure#1}
bus/row_rotation.rs	912	dark	9	spaghettio_core::bus::row_rotation::stamp_rotated_balancer::{closure#2}
bus/row_rotation.rs	617	dark	7	spaghettio_core::bus::row_rotation::enumerate_rotation_plans::{closure#0}
bus/row_rotation.rs	666	dark	11	spaghettio_core::bus::row_rotation::enumerate_rotation_plans::{closure#4}
bus/row_rotation.rs	677	dark	1	spaghettio_core::bus::row_rotation::enumerate_rotation_plans::{closure#5}
bus/row_rotation.rs	628	dark	1	spaghettio_core::bus::row_rotation::enumerate_rotation_plans::{closure#1}
bus/row_rotation.rs	1589	dark	6	spaghettio_core::bus::row_rotation::route_work_with_priority::{closure#0}
bus/row_rotation.rs	1602	dark	1	spaghettio_core::bus::row_rotation::route_work_with_priority::{closure#2}
bus/row_rotation.rs	1601	dark	1	spaghettio_core::bus::row_rotation::route_work_with_priority::{closure#1}
bus/row_rotation.rs	1888	dark	1	spaghettio_core::bus::row_rotation::build_rotation_aware_layout::{closure#0}
bus/row_rotation.rs	1911	dark	10	spaghettio_core::bus::row_rotation::build_rotation_aware_layout::{closure#2}
bus/row_rotation.rs	1922	dark	16	spaghettio_core::bus::row_rotation::build_rotation_aware_layout::{closure#3}
bus/row_rotation.rs	1940	dark	5	spaghettio_core::bus::row_rotation::build_rotation_aware_layout::{closure#4}
bus/row_rotation.rs	1978	dark	1	spaghettio_core::bus::row_rotation::build_rotation_aware_layout::{closure#5}
bus/row_rotation.rs	1986	dark	5	spaghettio_core::bus::row_rotation::build_rotation_aware_layout::{closure#6}
bus/row_rotation.rs	2012	dark	1	spaghettio_core::bus::row_rotation::build_rotation_aware_layout::{closure#7}
bus/row_rotation.rs	2016	dark	1	spaghettio_core::bus::row_rotation::build_rotation_aware_layout::{closure#8}
bus/row_rotation.rs	2066	dark	4	spaghettio_core::bus::row_rotation::build_rotation_aware_layout::{closure#9}
bus/row_rotation.rs	2085	dark	1	spaghettio_core::bus::row_rotation::build_rotation_aware_layout::{closure#10}
bus/row_rotation.rs	2086	dark	1	spaghettio_core::bus::row_rotation::build_rotation_aware_layout::{closure#11}
bus/row_rotation.rs	1903	dark	1	spaghettio_core::bus::row_rotation::build_rotation_aware_layout::{closure#1}
bus/row_rotation.rs	1773	dark	1	spaghettio_core::bus::row_rotation::build_rotation_aware_layout_selected::{closure#0}
bus/row_rotation.rs	1790	dark	6	spaghettio_core::bus::row_rotation::build_rotation_aware_layout_selected::{closure#2}
bus/row_rotation.rs	1798	dark	1	spaghettio_core::bus::row_rotation::build_rotation_aware_layout_selected::{closure#3}
bus/row_rotation.rs	1814	dark	1	spaghettio_core::bus::row_rotation::build_rotation_aware_layout_selected::{closure#4}
bus/row_rotation.rs	1818	dark	1	spaghettio_core::bus::row_rotation::build_rotation_aware_layout_selected::{closure#5}
bus/row_rotation.rs	1832	dark	1	spaghettio_core::bus::row_rotation::build_rotation_aware_layout_selected::{closure#6}
bus/row_rotation.rs	1835	dark	1	spaghettio_core::bus::row_rotation::build_rotation_aware_layout_selected::{closure#7}
bus/row_rotation.rs	1850	dark	1	spaghettio_core::bus::row_rotation::build_rotation_aware_layout_selected::{closure#8}
bus/row_rotation.rs	1851	dark	1	spaghettio_core::bus::row_rotation::build_rotation_aware_layout_selected::{closure#9}
bus/row_rotation.rs	1784	dark	6	spaghettio_core::bus::row_rotation::build_rotation_aware_layout_selected::{closure#1}
bus/row_rotation.rs	1618	edge-only	1	spaghettio_core::bus::row_rotation::add_power::{closure#0}
bus/row_rotation.rs	1626	edge-only	1	spaghettio_core::bus::row_rotation::add_power::{closure#2}
bus/row_rotation.rs	1627	dark	1	spaghettio_core::bus::row_rotation::add_power::{closure#3}
bus/row_rotation.rs	1619	dark	4	spaghettio_core::bus::row_rotation::add_power::{closure#1}
bus/row_rotation.rs	40	edge-only	3	<spaghettio_core::bus::row_rotation::QuarterTurn>::swaps_axes
bus/row_rotation.rs	31	edge-only	8	<spaghettio_core::bus::row_rotation::QuarterTurn>::steps
bus/row_rotation.rs	197	edge-only	13	spaghettio_core::bus::row_rotation::entity_dims
bus/row_rotation.rs	453	edge-only	47	spaghettio_core::bus::row_rotation::shelf_place
bus/row_rotation.rs	1735	dark	7	spaghettio_core::bus::row_rotation::aspect_score
bus/row_rotation.rs	243	dark	5	spaghettio_core::bus::row_rotation::is_transport
bus/row_rotation.rs	409	edge-only	43	spaghettio_core::bus::row_rotation::orient_macro
bus/row_rotation.rs	941	dark	18	spaghettio_core::bus::row_rotation::permutations
bus/row_rotation.rs	735	dark	115	spaghettio_core::bus::row_rotation::place_macros
bus/row_rotation.rs	1647	edge-only	64	spaghettio_core::bus::row_rotation::finish_layout
bus/row_rotation.rs	501	dark	7	spaghettio_core::bus::row_rotation::macro_centres
bus/row_rotation.rs	1712	dark	18	spaghettio_core::bus::row_rotation::non_pole_bbox
bus/row_rotation.rs	928	edge-only	12	spaghettio_core::bus::row_rotation::occupied_tiles
bus/row_rotation.rs	211	edge-only	8	spaghettio_core::bus::row_rotation::transform_tile
bus/row_rotation.rs	1234	dark	6	spaghettio_core::bus::row_rotation::transport_axis
bus/row_rotation.rs	1241	dark	19	spaghettio_core::bus::row_rotation::build_occupancy
bus/row_rotation.rs	693	edge-only	41	spaghettio_core::bus::row_rotation::choose_run_port
bus/row_rotation.rs	1261	dark	8	spaghettio_core::bus::row_rotation::direction_index
bus/row_rotation.rs	1270	dark	9	spaghettio_core::bus::row_rotation::index_direction
bus/row_rotation.rs	1280	dark	143	spaghettio_core::bus::row_rotation::route_edge_path
bus/row_rotation.rs	1519	dark	62	spaghettio_core::bus::row_rotation::route_work_once
bus/row_rotation.rs	166	dark	8	spaghettio_core::bus::row_rotation::direction_vector
bus/row_rotation.rs	509	dark	44	spaghettio_core::bus::row_rotation::estimate_transit
bus/row_rotation.rs	960	dark	116	spaghettio_core::bus::row_rotation::place_fanout_hub
bus/row_rotation.rs	185	edge-only	11	spaghettio_core::bus::row_rotation::rotate_direction
bus/row_rotation.rs	220	edge-only	22	spaghettio_core::bus::row_rotation::transform_entity
bus/row_rotation.rs	175	edge-only	9	spaghettio_core::bus::row_rotation::vector_direction
bus/row_rotation.rs	249	dark	159	spaghettio_core::bus::row_rotation::extract_row_macros
bus/row_rotation.rs	1743	dark	12	spaghettio_core::bus::row_rotation::plan_rotation_mask
bus/row_rotation.rs	1077	dark	152	spaghettio_core::bus::row_rotation::assemble_route_work
bus/row_rotation.rs	851	dark	13	spaghettio_core::bus::row_rotation::rotate_template_tile
bus/row_rotation.rs	1424	dark	94	spaghettio_core::bus::row_rotation::materialize_edge_path
bus/row_rotation.rs	882	dark	45	spaghettio_core::bus::row_rotation::stamp_rotated_balancer
bus/row_rotation.rs	601	dark	79	spaghettio_core::bus::row_rotation::enumerate_rotation_plans
bus/row_rotation.rs	1582	dark	31	spaghettio_core::bus::row_rotation::route_work_with_priority
bus/row_rotation.rs	591	dark	9	spaghettio_core::bus::row_rotation::check_rotation_row_budget
bus/row_rotation.rs	865	dark	16	spaghettio_core::bus::row_rotation::rotate_template_direction
bus/row_rotation.rs	1877	dark	229	spaghettio_core::bus::row_rotation::build_rotation_aware_layout
bus/row_rotation.rs	1761	dark	110	spaghettio_core::bus::row_rotation::build_rotation_aware_layout_selected
bus/row_rotation.rs	1731	dark	3	spaghettio_core::bus::row_rotation::aspect
bus/row_rotation.rs	1614	edge-only	32	spaghettio_core::bus::row_rotation::add_power
bus/row_rotation.rs	942	dark	13	spaghettio_core::bus::row_rotation::permutations::visit
bus/shape_fix.rs	79	dark	3	<spaghettio_core::bus::shape_fix::PadLanesStrategy as spaghettio_core::bus::shape_fix::ShapeFixStrategy>::name
bus/shape_fix.rs	102	dark	3	<spaghettio_core::bus::shape_fix::ShardStrategy as spaghettio_core::bus::shape_fix::ShapeFixStrategy>::name
bus/stacking_ctx.rs	94	edge-only	3	<spaghettio_core::bus::stacking_ctx::StackingCtx>::stacking
bus/stacking_ctx.rs	109	edge-only	3	<spaghettio_core::bus::stacking_ctx::StackingCtx>::is_exempt
bus/stacking_ctx.rs	46	edge-only	3	<spaghettio_core::bus::stacking_ctx::StackingCtx>::unstacked
bus/template_candidate.rs	93	edge-only	1	<spaghettio_core::bus::template_candidate::TemplateCandidate as spaghettio_core::bus::decomposition_search::DecompositionCandidate>::produce::{closure#1}::{closure#0}::{closure#0}
bus/template_candidate.rs	84	edge-only	1	<spaghettio_core::bus::template_candidate::TemplateCandidate as spaghettio_core::bus::decomposition_search::DecompositionCandidate>::produce::{closure#0}::{closure#0}
bus/template_candidate.rs	93	edge-only	1	<spaghettio_core::bus::template_candidate::TemplateCandidate as spaghettio_core::bus::decomposition_search::DecompositionCandidate>::produce::{closure#1}::{closure#0}
bus/template_candidate.rs	70	edge-only	17	<spaghettio_core::bus::template_candidate::TemplateCandidate as spaghettio_core::bus::decomposition_search::DecompositionCandidate>::produce::{closure#0}
bus/template_candidate.rs	95	dark	6	<spaghettio_core::bus::template_candidate::TemplateCandidate as spaghettio_core::bus::decomposition_search::DecompositionCandidate>::produce::{closure#2}
bus/template_candidate.rs	184	edge-only	1	<spaghettio_core::bus::template_candidate::TemplateCandidate as spaghettio_core::bus::decomposition_search::DecompositionCandidate>::produce::{closure#3}
bus/template_candidate.rs	189	edge-only	1	<spaghettio_core::bus::template_candidate::TemplateCandidate as spaghettio_core::bus::decomposition_search::DecompositionCandidate>::produce::{closure#4}
bus/template_candidate.rs	89	edge-only	6	<spaghettio_core::bus::template_candidate::TemplateCandidate as spaghettio_core::bus::decomposition_search::DecompositionCandidate>::produce::{closure#1}
bus/template_candidate.rs	32	edge-only	3	<spaghettio_core::bus::template_candidate::TemplateCandidate as spaghettio_core::bus::decomposition_search::DecompositionCandidate>::name
bus/template_candidate.rs	36	edge-only	164	<spaghettio_core::bus::template_candidate::TemplateCandidate as spaghettio_core::bus::decomposition_search::DecompositionCandidate>::produce
bus/template_validate.rs	417	edge-only	1	spaghettio_core::bus::template_validate::run_partial_scenario::{closure#1}::{closure#0}
bus/template_validate.rs	171	edge-only	18	spaghettio_core::bus::template_validate::synthesize_entities::{closure#0}
bus/template_validate.rs	374	edge-only	8	spaghettio_core::bus::template_validate::run_partial_scenario::{closure#0}
bus/template_validate.rs	414	edge-only	6	spaghettio_core::bus::template_validate::run_partial_scenario::{closure#1}
bus/template_validate.rs	165	edge-only	26	spaghettio_core::bus::template_validate::synthesize_entities
bus/template_validate.rs	355	edge-only	117	spaghettio_core::bus::template_validate::run_partial_scenario
bus/template_validate.rs	60	edge-only	3	spaghettio_core::bus::template_validate::validate_template_lanes
bus/template_validate.rs	241	edge-only	83	spaghettio_core::bus::template_validate::check_throughput_unlimited
bus/template_validate.rs	77	edge-only	42	spaghettio_core::bus::template_validate::validate_template_lanes_at
bus/template_validate.rs	123	edge-only	27	spaghettio_core::bus::template_validate::compute_template_lane_rates
bus/templates.rs	3642	dark	1	spaghettio_core::bus::templates::fluid_multi_input_row::{closure#0}
bus/templates.rs	3704	edge-only	1	spaghettio_core::bus::templates::fluid_multi_input_row::{closure#3}
bus/templates.rs	1222	dark	1	spaghettio_core::bus::templates::dual_input_row_horizontal::{closure#1}
bus/transit.rs	515	edge-only	1	spaghettio_core::bus::transit::solid_terminals::{closure#0}::{closure#0}
bus/transit.rs	135	dark	1	spaghettio_core::bus::transit::canonical_modules::{closure#1}::{closure#0}
bus/transit.rs	135	dark	1	spaghettio_core::bus::transit::canonical_modules::{closure#1}::{closure#1}
bus/transit.rs	604	edge-only	1	spaghettio_core::bus::transit::direct_insertion_lengths::{closure#1}::{closure#0}
bus/transit.rs	91	edge-only	5	<spaghettio_core::bus::transit::ProductionSignature>::from_solver::{closure#0}
bus/transit.rs	275	edge-only	1	<spaghettio_core::bus::transit::TerminalBuckets>::insert::{closure#0}
bus/transit.rs	439	edge-only	1	spaghettio_core::bus::transit::compatible::{closure#0}
bus/transit.rs	482	edge-only	1	spaghettio_core::bus::transit::pipe_tiles::{closure#0}
bus/transit.rs	483	edge-only	10	spaghettio_core::bus::transit::pipe_tiles::{closure#1}
bus/transit.rs	680	edge-only	1	spaghettio_core::bus::transit::fluid_graph::{closure#0}
bus/transit.rs	704	edge-only	1	spaghettio_core::bus::transit::fluid_graph::{closure#1}
bus/transit.rs	625	edge-only	1	spaghettio_core::bus::transit::solid_graph::{closure#0}
bus/transit.rs	655	edge-only	1	spaghettio_core::bus::transit::solid_graph::{closure#2}
bus/transit.rs	644	edge-only	1	spaghettio_core::bus::transit::solid_graph::{closure#1}
bus/transit.rs	545	edge-only	1	spaghettio_core::bus::transit::fluid_terminals::{closure#0}
bus/transit.rs	515	edge-only	1	spaghettio_core::bus::transit::solid_terminals::{closure#0}
bus/transit.rs	132	dark	1	spaghettio_core::bus::transit::canonical_modules::{closure#0}
bus/transit.rs	134	dark	3	spaghettio_core::bus::transit::canonical_modules::{closure#1}
bus/transit.rs	144	edge-only	4	spaghettio_core::bus::transit::canonical_boundaries::{closure#0}
bus/transit.rs	602	edge-only	1	spaghettio_core::bus::transit::direct_insertion_lengths::{closure#0}
bus/transit.rs	604	edge-only	1	spaghettio_core::bus::transit::direct_insertion_lengths::{closure#1}
bus/transit.rs	339	edge-only	5	spaghettio_core::bus::transit::measure_realized_transit::{closure#0}
bus/transit.rs	73	edge-only	54	<spaghettio_core::bus::transit::ProductionSignature>::from_solver
bus/transit.rs	280	edge-only	3	<spaghettio_core::bus::transit::TerminalBuckets>::finish
bus/transit.rs	274	edge-only	5	<spaghettio_core::bus::transit::TerminalBuckets>::insert
bus/transit.rs	458	edge-only	19	spaghettio_core::bus::transit::belt_tiles
bus/transit.rs	438	edge-only	3	spaghettio_core::bus::transit::compatible
bus/transit.rs	31	edge-only	3	spaghettio_core::bus::transit::fixed_rate
bus/transit.rs	478	edge-only	17	spaghettio_core::bus::transit::pipe_tiles
bus/transit.rs	664	edge-only	49	spaghettio_core::bus::transit::fluid_graph
bus/transit.rs	613	edge-only	50	spaghettio_core::bus::transit::solid_graph
bus/transit.rs	442	edge-only	15	spaghettio_core::bus::transit::machine_tiles
bus/transit.rs	531	edge-only	34	spaghettio_core::bus::transit::fluid_terminals
bus/transit.rs	496	edge-only	34	spaghettio_core::bus::transit::solid_terminals
bus/transit.rs	129	edge-only	10	spaghettio_core::bus::transit::canonical_modules
bus/transit.rs	714	edge-only	22	spaghettio_core::bus::transit::shortest_distances
bus/transit.rs	140	edge-only	12	spaghettio_core::bus::transit::canonical_boundaries
bus/transit.rs	566	edge-only	46	spaghettio_core::bus::transit::direct_insertion_lengths
bus/transit.rs	300	edge-only	137	spaghettio_core::bus::transit::measure_realized_transit
bus/transit.rs	206	edge-only	28	<spaghettio_core::bus::transit::TransitError as core::fmt::Display>::fmt
celldb.rs	312	edge-only	1	spaghettio_core::celldb::extract_unit::{closure#6}::{closure#0}::{closure#0}
celldb.rs	313	edge-only	1	spaghettio_core::celldb::extract_unit::{closure#6}::{closure#0}::{closure#1}
celldb.rs	210	edge-only	1	spaghettio_core::celldb::extract_unit::{closure#0}::{closure#0}
celldb.rs	310	edge-only	6	spaghettio_core::celldb::extract_unit::{closure#6}::{closure#0}
celldb.rs	322	edge-only	4	spaghettio_core::celldb::extract_unit::{closure#7}::{closure#0}
celldb.rs	111	edge-only	1	<spaghettio_core::celldb::DerivedConstraints>::is_satisfied_by::{closure#0}
celldb.rs	136	edge-only	6	spaghettio_core::celldb::query_unit::{closure#0}
celldb.rs	147	edge-only	7	spaghettio_core::celldb::query_unit::{closure#2}
celldb.rs	142	edge-only	4	spaghettio_core::celldb::query_unit::{closure#1}
celldb.rs	451	edge-only	1	spaghettio_core::celldb::check_entry::{closure#0}
celldb.rs	470	edge-only	4	spaghettio_core::celldb::check_entry::{closure#1}
celldb.rs	205	edge-only	7	spaghettio_core::celldb::extract_unit::{closure#0}
celldb.rs	222	edge-only	17	spaghettio_core::celldb::extract_unit::{closure#3}
celldb.rs	240	edge-only	1	spaghettio_core::celldb::extract_unit::{closure#4}
celldb.rs	244	edge-only	1	spaghettio_core::celldb::extract_unit::{closure#5}
celldb.rs	309	edge-only	8	spaghettio_core::celldb::extract_unit::{closure#6}
celldb.rs	321	edge-only	6	spaghettio_core::celldb::extract_unit::{closure#7}
celldb.rs	327	edge-only	1	spaghettio_core::celldb::extract_unit::{closure#8}
celldb.rs	331	edge-only	4	spaghettio_core::celldb::extract_unit::{closure#9}
celldb.rs	335	edge-only	1	spaghettio_core::celldb::extract_unit::{closure#10}
celldb.rs	339	dark	1	spaghettio_core::celldb::extract_unit::{closure#11}
celldb.rs	340	dark	1	spaghettio_core::celldb::extract_unit::{closure#12}
celldb.rs	117	edge-only	4	spaghettio_core::celldb::celldb::{closure#0}
celldb.rs	110	edge-only	3	<spaghettio_core::celldb::DerivedConstraints>::is_satisfied_by
celldb.rs	97	edge-only	11	<spaghettio_core::celldb::DerivedConstraints>::of
celldb.rs	127	edge-only	29	spaghettio_core::celldb::query_unit
celldb.rs	389	edge-only	106	spaghettio_core::celldb::check_entry
celldb.rs	195	edge-only	190	spaghettio_core::celldb::extract_unit
celldb.rs	161	edge-only	23	spaghettio_core::celldb::seed_sources
celldb.rs	115	edge-only	7	spaghettio_core::celldb::celldb
common.rs	987	edge-only	9	spaghettio_core::common::dir_from_vec
common.rs	693	edge-only	4	spaghettio_core::common::stack_inserter_belt_hand
connectivity.rs	549	edge-only	31	spaghettio_core::connectivity::sorted_diff::<spaghettio_core::connectivity::Edge>
connectivity.rs	549	edge-only	31	spaghettio_core::connectivity::sorted_diff::<spaghettio_core::connectivity::Conflict>
connectivity.rs	823	edge-only	3	spaghettio_core::connectivity::check_record_integrity::{closure#3}
connectivity.rs	832	edge-only	1	spaghettio_core::connectivity::check_record_integrity::{closure#4}
connectivity.rs	659	edge-only	9	spaghettio_core::connectivity::error_certain_regression::{closure#0}
connectivity.rs	317	dark	3	<spaghettio_core::connectivity::ConnectivityGraph>::occupant
connectivity.rs	541	edge-only	6	<spaghettio_core::connectivity::TopologyDiff>::is_empty
connectivity.rs	162	edge-only	57	spaghettio_core::connectivity::build_ug_pairs_naive
connectivity.rs	640	edge-only	76	spaghettio_core::connectivity::error_certain_regression
connectivity.rs	582	edge-only	5	spaghettio_core::connectivity::diff
fixture.rs	288	dark	9	spaghettio_core::fixture::build_zone::{closure#0}
fixture.rs	302	dark	1	spaghettio_core::fixture::build_zone::{closure#1}
fixture.rs	186	dark	1	spaghettio_core::fixture::replay_region_fixture::{closure#0}
fixture.rs	206	dark	1	spaghettio_core::fixture::replay_region_fixture::{closure#2}
fixture.rs	211	dark	1	spaghettio_core::fixture::replay_region_fixture::{closure#3}
fixture.rs	216	dark	1	spaghettio_core::fixture::replay_region_fixture::{closure#4}
fixture.rs	222	dark	1	spaghettio_core::fixture::replay_region_fixture::{closure#5}
fixture.rs	267	dark	1	spaghettio_core::fixture::replay_region_fixture::{closure#6}
fixture.rs	191	dark	1	spaghettio_core::fixture::replay_region_fixture::{closure#1}
fixture.rs	283	dark	31	spaghettio_core::fixture::build_zone
fixture.rs	71	dark	9	spaghettio_core::fixture::parse_direction
fixture.rs	177	dark	105	spaghettio_core::fixture::replay_region_fixture
fluid_ports.rs	223	edge-only	1	spaghettio_core::fluid_ports::port_fluid_assignment::{closure#0}
fluid_ports.rs	224	edge-only	1	spaghettio_core::fluid_ports::port_fluid_assignment::{closure#1}
fluid_ports.rs	214	edge-only	24	spaghettio_core::fluid_ports::port_fluid_assignment
fluid_ports.rs	287	edge-only	3	spaghettio_core::fluid_ports::machine_has_fluid_ports
models.rs	509	edge-only	3	spaghettio_core::models::stacking_default
module_policy.rs	129	edge-only	1	spaghettio_core::module_policy::resolve_machine_modules::{closure#0}::{closure#1}::{closure#0}
module_policy.rs	128	edge-only	1	spaghettio_core::module_policy::resolve_machine_modules::{closure#0}::{closure#0}
module_policy.rs	129	edge-only	1	spaghettio_core::module_policy::resolve_machine_modules::{closure#0}::{closure#1}
module_policy.rs	126	edge-only	6	spaghettio_core::module_policy::resolve_machine_modules::{closure#0}
module_policy.rs	198	edge-only	1	spaghettio_core::module_policy::parse_declared_productivity::{closure#0}
module_policy.rs	215	edge-only	1	spaghettio_core::module_policy::parse_declared_productivity::{closure#2}
module_policy.rs	201	edge-only	1	spaghettio_core::module_policy::parse_declared_productivity::{closure#1}
module_policy.rs	77	edge-only	3	spaghettio_core::module_policy::quality_scaled
module_policy.rs	195	edge-only	52	spaghettio_core::module_policy::parse_declared_productivity
netflow.rs	973	dark	1	spaghettio_core::netflow::solve_attempt::{closure#17}::{closure#0}::{closure#0}::{closure#0}::{closure#0}
netflow.rs	972	dark	3	spaghettio_core::netflow::solve_attempt::{closure#17}::{closure#0}::{closure#0}::{closure#0}
netflow.rs	968	dark	8	spaghettio_core::netflow::solve_attempt::{closure#17}::{closure#0}::{closure#0}
netflow.rs	699	dark	1	spaghettio_core::netflow::solve_attempt::{closure#7}::{closure#0}
netflow.rs	967	dark	10	spaghettio_core::netflow::solve_attempt::{closure#17}::{closure#0}
netflow.rs	977	dark	1	spaghettio_core::netflow::solve_attempt::{closure#17}::{closure#1}
netflow.rs	698	dark	1	spaghettio_core::netflow::solve_attempt::{closure#6}
netflow.rs	699	dark	1	spaghettio_core::netflow::solve_attempt::{closure#7}
netflow.rs	705	dark	1	spaghettio_core::netflow::solve_attempt::{closure#8}
netflow.rs	808	edge-only	1	spaghettio_core::netflow::solve_attempt::{closure#9}
netflow.rs	809	edge-only	1	spaghettio_core::netflow::solve_attempt::{closure#10}
netflow.rs	936	dark	14	spaghettio_core::netflow::solve_attempt::{closure#15}
netflow.rs	964	dark	15	spaghettio_core::netflow::solve_attempt::{closure#17}
netflow.rs	1001	dark	1	spaghettio_core::netflow::solve_attempt::{closure#18}
netflow.rs	509	dark	3	spaghettio_core::netflow::solve_netflow_multi_with_options::{closure#3}
netflow.rs	400	edge-only	20	spaghettio_core::netflow::solve_netflow_multi
objective.rs	392	edge-only	47	spaghettio_core::objective::rank_admissible::<alloc::string::String>
objective.rs	393	edge-only	14	spaghettio_core::objective::rank_admissible::<alloc::string::String>::{closure#0}
objective.rs	433	edge-only	1	spaghettio_core::objective::rank_admissible::<alloc::string::String>::{closure#2}
objective.rs	437	edge-only	1	spaghettio_core::objective::rank_admissible::<alloc::string::String>::{closure#3}
objective.rs	411	edge-only	8	spaghettio_core::objective::rank_admissible::<alloc::string::String>::{closure#1}
objective.rs	417	dark	1	spaghettio_core::objective::rank_admissible::<alloc::string::String>::{closure#1}::{closure#0}
objective.rs	352	edge-only	1	spaghettio_core::objective::score_vs_native_weighted::{closure#0}
objective.rs	139	edge-only	1	spaghettio_core::objective::measure::{closure#0}
objective.rs	173	edge-only	11	spaghettio_core::objective::measure::{closure#2}
objective.rs	163	edge-only	1	spaghettio_core::objective::measure::{closure#1}
objective.rs	455	edge-only	15	spaghettio_core::objective::non_pole_bbox
objective.rs	237	edge-only	7	spaghettio_core::objective::transit_score
objective.rs	448	edge-only	3	spaghettio_core::objective::is_pole_entity
objective.rs	307	edge-only	3	spaghettio_core::objective::score_vs_native
objective.rs	316	edge-only	60	spaghettio_core::objective::score_vs_native_weighted
objective.rs	137	edge-only	60	spaghettio_core::objective::measure
objective.rs	215	edge-only	7	spaghettio_core::objective::ar_score
objective.rs	256	edge-only	3	<spaghettio_core::objective::CompositeWeights as core::default::Default>::default
power_wires.rs	285	edge-only	1	spaghettio_core::power_wires::disconnected_poles::{closure#3}
power_wires.rs	73	dark	7	<spaghettio_core::power_wires::WireMode>::from_name
preview.rs	69	edge-only	1	spaghettio_core::preview::preview_boxes::{closure#0}
preview.rs	92	edge-only	1	spaghettio_core::preview::preview_boxes::{closure#2}
preview.rs	94	dark	1	spaghettio_core::preview::preview_boxes::{closure#4}
preview.rs	98	edge-only	1	spaghettio_core::preview::preview_boxes::{closure#5}
preview.rs	153	edge-only	1	spaghettio_core::preview::preview_boxes::{closure#8}
preview.rs	154	edge-only	1	spaghettio_core::preview::preview_boxes::{closure#9}
preview.rs	73	edge-only	1	spaghettio_core::preview::preview_boxes::{closure#1}
preview.rs	57	edge-only	116	spaghettio_core::preview::preview_boxes
recipe_db.rs	292	dark	1	spaghettio_core::recipe_db::machine_can_run_recipe::{closure#3}
recipe_db.rs	286	edge-only	1	spaghettio_core::recipe_db::machine_can_run_recipe::{closure#1}
recipe_db.rs	171	edge-only	1	spaghettio_core::recipe_db::find_recipe_for_item_excluding::{closure#0}
recipe_db.rs	185	edge-only	1	spaghettio_core::recipe_db::find_recipe_for_item_excluding::{closure#1}
recipe_db.rs	45	dark	3	spaghettio_core::recipe_db::default_energy
recipe_db.rs	41	dark	3	spaghettio_core::recipe_db::default_category
recipe_db.rs	402	edge-only	3	spaghettio_core::recipe_db::machine_for_recipe
recipe_db.rs	425	dark	16	spaghettio_core::recipe_db::all_producible_items
recipe_db.rs	155	edge-only	3	spaghettio_core::recipe_db::find_recipe_for_item
recipe_db.rs	443	dark	5	spaghettio_core::recipe_db::all_producer_machines
recipe_db.rs	33	dark	3	spaghettio_core::recipe_db::default_ingredient_type
recipe_db.rs	451	edge-only	3	spaghettio_core::recipe_db::default_machine_for_item
recipe_db.rs	163	edge-only	28	spaghettio_core::recipe_db::find_recipe_for_item_excluding
recipe_db.rs	457	edge-only	10	spaghettio_core::recipe_db::default_machine_for_item_with_palette
recipe_db.rs	236	edge-only	20	<spaghettio_core::recipe_db::MachineIncompatibility as core::fmt::Display>::fmt
sat.rs	1683	edge-only	1	<spaghettio_core::sat::CrossingEncoder>::extract_solution::{closure#2}::{closure#0}
sat.rs	1575	dark	1	<spaghettio_core::sat::CrossingEncoder>::pin_to_literals::{closure#0}
sat.rs	1615	dark	1	<spaghettio_core::sat::CrossingEncoder>::pin_to_literals::{closure#1}
sat.rs	1754	edge-only	1	spaghettio_core::sat::solve_crossing_zone::{closure#0}
sat.rs	1559	dark	73	<spaghettio_core::sat::CrossingEncoder>::pin_to_literals
sat.rs	1747	edge-only	9	spaghettio_core::sat::solve_crossing_zone
sat.rs	1986	dark	63	spaghettio_core::sat::solve_crossing_zone_with_pins
sat.rs	1768	edge-only	11	spaghettio_core::sat::solve_crossing_zone_with_stats
sat.rs	1890	edge-only	18	spaghettio_core::sat::solve_crossing_zone_with_cost_cap
short_ids.rs	174	edge-only	1	spaghettio_core::short_ids::TABLES::{closure#0}::{closure#0}
short_ids.rs	179	edge-only	1	spaghettio_core::short_ids::TABLES::{closure#0}::{closure#1}
short_ids.rs	42	edge-only	1	spaghettio_core::short_ids::round_robin_code::{closure#0}
short_ids.rs	49	edge-only	1	spaghettio_core::short_ids::round_robin_code::{closure#1}
short_ids.rs	186	edge-only	1	spaghettio_core::short_ids::short_id_for_slug::{closure#0}
short_ids.rs	191	edge-only	1	spaghettio_core::short_ids::slug_for_short_id::{closure#0}
short_ids.rs	85	edge-only	1	spaghettio_core::short_ids::build_short_id_map::{closure#0}
short_ids.rs	122	dark	1	spaghettio_core::short_ids::build_short_id_map::{closure#2}
short_ids.rs	123	dark	1	spaghettio_core::short_ids::build_short_id_map::{closure#3}
short_ids.rs	107	edge-only	1	spaghettio_core::short_ids::build_short_id_map::{closure#1}
short_ids.rs	210	edge-only	1	spaghettio_core::short_ids::short_id_snapshot_json::{closure#0}
short_ids.rs	172	edge-only	11	spaghettio_core::short_ids::TABLES::{closure#0}
short_ids.rs	134	edge-only	27	spaghettio_core::short_ids::known_slugs
short_ids.rs	196	edge-only	3	spaghettio_core::short_ids::short_id_table
short_ids.rs	41	edge-only	29	spaghettio_core::short_ids::round_robin_code
short_ids.rs	185	edge-only	3	spaghettio_core::short_ids::short_id_for_slug
short_ids.rs	190	edge-only	3	spaghettio_core::short_ids::slug_for_short_id
short_ids.rs	77	edge-only	50	spaghettio_core::short_ids::build_short_id_map
short_ids.rs	206	edge-only	15	spaghettio_core::short_ids::short_id_snapshot_json
snapshot.rs	172	dark	4	<spaghettio_core::snapshot::LayoutSnapshot>::read_from_file
snapshot.rs	141	edge-only	19	<spaghettio_core::snapshot::LayoutSnapshot>::decode
snapshot.rs	76	dark	3	spaghettio_core::snapshot::default_true
solver.rs	274	dark	24	spaghettio_core::solver::solve_multi_with_palette_exclusions_quality_and_modules
trace.rs	105	dark	11	spaghettio_core::trace::with_muted::<spaghettio_core::bus::ghost_router::blame_unsolvable_cluster::{closure#1}, bool>
trace.rs	105	dark	11	spaghettio_core::trace::with_muted::<spaghettio_core::bus::decomposition_search::build_k1_enrollment_plan::{closure#0}, {invalid syntax}::partitioner::PartitionPlan>
trace.rs	105	dark	11	spaghettio_core::trace::with_muted::<<{invalid syntax}::ModuleSizeSplit as {invalid syntax}::DecompositionCandidate>::produce::{closure#0}, {invalid syntax}::partitioner::PartitionPlan>
trace.rs	105	dark	11	spaghettio_core::trace::with_muted::<<{invalid syntax}::ModuleSizeSplit as {invalid syntax}::DecompositionCandidate>::produce::{closure#2}, {invalid syntax}::partitioner::PartitionPlan>
trace.rs	112	dark	1	spaghettio_core::trace::with_muted::<spaghettio_core::bus::ghost_router::blame_unsolvable_cluster::{closure#1}, bool>::{closure#0}
trace.rs	112	dark	1	spaghettio_core::trace::with_muted::<spaghettio_core::bus::decomposition_search::build_k1_enrollment_plan::{closure#0}, {invalid syntax}::partitioner::PartitionPlan>::{closure#0}
trace.rs	112	dark	1	spaghettio_core::trace::with_muted::<<{invalid syntax}::ModuleSizeSplit as {invalid syntax}::DecompositionCandidate>::produce::{closure#0}, {invalid syntax}::partitioner::PartitionPlan>::{closure#0}
trace.rs	112	dark	1	spaghettio_core::trace::with_muted::<<{invalid syntax}::ModuleSizeSplit as {invalid syntax}::DecompositionCandidate>::produce::{closure#2}, {invalid syntax}::partitioner::PartitionPlan>::{closure#0}
trace.rs	54	edge-only	1	spaghettio_core::trace::set_sink::{closure#0}
trace.rs	75	edge-only	1	<spaghettio_core::trace::SinkGuard as core::ops::drop::Drop>::drop::{closure#0}
trace.rs	53	edge-only	4	spaghettio_core::trace::set_sink
trace.rs	74	edge-only	3	<spaghettio_core::trace::SinkGuard as core::ops::drop::Drop>::drop
validate/belt_flow.rs	812	dark	1	spaghettio_core::validate::belt_flow::check_belt_network_topology::{closure#7}::{closure#0}::{closure#0}
validate/belt_flow.rs	1454	dark	1	spaghettio_core::validate::belt_flow::check_output_belt_coverage::{closure#2}::{closure#0}
validate/belt_flow.rs	812	dark	1	spaghettio_core::validate::belt_flow::check_belt_network_topology::{closure#7}::{closure#0}
validate/belt_flow.rs	884	dark	1	spaghettio_core::validate::belt_flow::check_belt_network_topology::{closure#7}::{closure#2}
validate/belt_flow.rs	848	dark	1	spaghettio_core::validate::belt_flow::check_belt_network_topology::{closure#7}::{closure#1}
validate/belt_flow.rs	941	dark	1	spaghettio_core::validate::belt_flow::check_belt_network_topology::{closure#8}::{closure#0}
validate/belt_flow.rs	968	dark	1	spaghettio_core::validate::belt_flow::check_belt_network_topology::{closure#9}::{closure#0}
validate/belt_flow.rs	1427	dark	1	spaghettio_core::validate::belt_flow::check_output_belt_coverage::{closure#0}
validate/belt_flow.rs	1454	dark	1	spaghettio_core::validate::belt_flow::check_output_belt_coverage::{closure#2}
validate/belt_flow.rs	1485	dark	11	spaghettio_core::validate::belt_flow::check_output_belt_coverage::{closure#3}
validate/belt_flow.rs	1446	dark	1	spaghettio_core::validate::belt_flow::check_output_belt_coverage::{closure#1}
validate/belt_flow.rs	748	dark	3	spaghettio_core::validate::belt_flow::check_belt_network_topology::{closure#2}
validate/belt_flow.rs	765	dark	1	spaghettio_core::validate::belt_flow::check_belt_network_topology::{closure#3}
validate/belt_flow.rs	766	dark	1	spaghettio_core::validate::belt_flow::check_belt_network_topology::{closure#4}
validate/belt_flow.rs	771	dark	1	spaghettio_core::validate::belt_flow::check_belt_network_topology::{closure#5}
validate/belt_flow.rs	772	dark	1	spaghettio_core::validate::belt_flow::check_belt_network_topology::{closure#6}
validate/belt_flow.rs	805	dark	123	spaghettio_core::validate::belt_flow::check_belt_network_topology::{closure#7}
validate/belt_flow.rs	938	dark	6	spaghettio_core::validate::belt_flow::check_belt_network_topology::{closure#8}
validate/belt_flow.rs	965	dark	6	spaghettio_core::validate::belt_flow::check_belt_network_topology::{closure#9}
validate/belt_flow.rs	1787	edge-only	1	spaghettio_core::validate::belt_flow::check_belt_inserter_conflict::{closure#0}
validate/belt_flow.rs	1375	edge-only	38	spaghettio_core::validate::belt_flow::check_belt_throughput
validate/belt_flow.rs	2124	edge-only	6	spaghettio_core::validate::belt_flow::check_lane_throughput
validate/belt_flow.rs	3635	edge-only	6	spaghettio_core::validate::belt_flow::check_input_rate_delivery
validate/belt_flow.rs	1418	dark	95	spaghettio_core::validate::belt_flow::check_output_belt_coverage
validate/belt_flow.rs	675	edge-only	310	spaghettio_core::validate::belt_flow::check_belt_network_topology
validate/belt_flow.rs	1764	edge-only	42	spaghettio_core::validate::belt_flow::check_belt_inserter_conflict
validate/fluids.rs	449	dark	1	spaghettio_core::validate::fluids::check_fluid_port_connectivity::{closure#6}
validate/fluids.rs	684	edge-only	1	spaghettio_core::validate::fluids::check_fluid_network_connectivity::{closure#6}
validate/mod.rs	107	edge-only	10	_RINvMs_NtC15spaghettio_core8validateNtB5_15ValidationIssue3newReB1b_EB7_
validate/mod.rs	107	edge-only	10	<spaghettio_core::validate::ValidationIssue>::new::<&str, alloc::string::String>
validate/mod.rs	119	edge-only	16	_RINvMs_NtC15spaghettio_core8validateNtB5_15ValidationIssue8with_posReB1g_EB7_
validate/mod.rs	901	edge-only	6	spaghettio_core::validate::check_shared_row_outflow_conservation::{closure#4}::{closure#0}
validate/mod.rs	909	edge-only	6	spaghettio_core::validate::check_shared_row_outflow_conservation::{closure#5}::{closure#0}
validate/mod.rs	684	edge-only	14	spaghettio_core::validate::check_stranded_byproducts::{closure#3}
validate/mod.rs	899	edge-only	9	spaghettio_core::validate::check_shared_row_outflow_conservation::{closure#4}
validate/mod.rs	907	edge-only	9	spaghettio_core::validate::check_shared_row_outflow_conservation::{closure#5}
validate/mod.rs	220	edge-only	23	<spaghettio_core::validate::ValidatorSummary>::from_issues
validate/mod.rs	284	edge-only	16	<spaghettio_core::validate::ValidatorSummary>::badge
validate/mod.rs	277	edge-only	3	<spaghettio_core::validate::ValidatorSummary>::is_clean
validate/modules.rs	148	edge-only	1	spaghettio_core::validate::modules::check_module_eligibility::{closure#2}::{closure#0}
validate/modules.rs	147	edge-only	1	spaghettio_core::validate::modules::check_module_eligibility::{closure#1}::{closure#0}
validate/modules.rs	146	edge-only	1	spaghettio_core::validate::modules::check_module_eligibility::{closure#0}
validate/modules.rs	148	edge-only	1	spaghettio_core::validate::modules::check_module_eligibility::{closure#2}
validate/modules.rs	147	edge-only	1	spaghettio_core::validate::modules::check_module_eligibility::{closure#1}
validate/modules.rs	55	edge-only	3	spaghettio_core::validate::modules::module_family
validate/modules.rs	35	edge-only	9	spaghettio_core::validate::modules::module_gating_effect
validate/modules.rs	63	edge-only	11	spaghettio_core::validate::modules::fallback_allowed_effects
validate/power.rs	62	edge-only	11	spaghettio_core::validate::power::check_pole_network_connectivity::{closure#0}
validate/sushi.rs	264	edge-only	6	spaghettio_core::validate::sushi::sort_inserter_count
verdict.rs	154	edge-only	3	_RINvMNtC15spaghettio_core7verdictNtB3_17CorrespondenceMap10from_pairsATTllEB1k_Ej2_EB5_
verdict.rs	231	edge-only	4	<spaghettio_core::verdict::Policy>::with_override::<&str>
verdict.rs	335	dark	1	<spaghettio_core::verdict::Verdict>::all_new_issues::{closure#0}
verdict.rs	328	dark	1	<spaghettio_core::verdict::Verdict>::regressed_categories::{closure#1}
verdict.rs	368	edge-only	1	spaghettio_core::verdict::never_worse::{closure#0}
verdict.rs	370	edge-only	1	spaghettio_core::verdict::never_worse::{closure#1}
verdict.rs	452	edge-only	1	spaghettio_core::verdict::diff_category::{closure#0}
verdict.rs	466	edge-only	1	spaghettio_core::verdict::diff_category::{closure#1}
verdict.rs	390	edge-only	1	spaghettio_core::verdict::expected_position::{closure#0}
verdict.rs	165	edge-only	3	<spaghettio_core::verdict::CorrespondenceMap>::get
verdict.rs	169	edge-only	3	<spaghettio_core::verdict::CorrespondenceMap>::len
verdict.rs	145	edge-only	3	<spaghettio_core::verdict::CorrespondenceMap>::new
verdict.rs	183	dark	3	<spaghettio_core::verdict::CorrespondenceMap>::keys
verdict.rs	158	edge-only	3	<spaghettio_core::verdict::CorrespondenceMap>::insert
verdict.rs	173	dark	3	<spaghettio_core::verdict::CorrespondenceMap>::is_empty
verdict.rs	334	dark	3	<spaghettio_core::verdict::Verdict>::all_new_issues
verdict.rs	327	dark	3	<spaghettio_core::verdict::Verdict>::regressed_categories
verdict.rs	236	edge-only	3	<spaghettio_core::verdict::Policy>::policy_for
verdict.rs	274	edge-only	3	<spaghettio_core::verdict::Policy>::decomposition
verdict.rs	227	edge-only	3	<spaghettio_core::verdict::Policy>::new
verdict.rs	257	edge-only	3	<spaghettio_core::verdict::Policy>::fold
verdict.rs	352	edge-only	27	spaghettio_core::verdict::never_worse
verdict.rs	400	edge-only	18	spaghettio_core::verdict::count_outcome
verdict.rs	419	edge-only	91	spaghettio_core::verdict::diff_category
verdict.rs	383	edge-only	12	spaghettio_core::verdict::expected_position
zone_cache.rs	221	dark	1	spaghettio_core::zone_cache::resolve_cache_path::{closure#1}::{closure#0}
zone_cache.rs	185	dark	1	spaghettio_core::zone_cache::defer_flush::{closure#0}
zone_cache.rs	216	dark	1	spaghettio_core::zone_cache::resolve_cache_path::{closure#0}
zone_cache.rs	223	dark	1	spaghettio_core::zone_cache::resolve_cache_path::{closure#2}
zone_cache.rs	218	dark	5	spaghettio_core::zone_cache::resolve_cache_path::{closure#1}
zone_cache.rs	999	edge-only	1	spaghettio_core::zone_cache::parsed_to_crossing_zone::{closure#0}
zone_cache.rs	116	dark	7	spaghettio_core::zone_cache::cache_stats
zone_cache.rs	184	dark	3	spaghettio_core::zone_cache::defer_flush
zone_cache.rs	1009	edge-only	32	spaghettio_core::zone_cache::make_boundary
zone_cache.rs	947	edge-only	9	spaghettio_core::zone_cache::parse_channel
zone_cache.rs	964	edge-only	8	spaghettio_core::zone_cache::parse_endpoint
zone_cache.rs	193	dark	10	spaghettio_core::zone_cache::discard_pending
zone_cache.rs	912	edge-only	34	spaghettio_core::zone_cache::parse_signature
zone_cache.rs	874	edge-only	7	spaghettio_core::zone_cache::canonical_signature
zone_cache.rs	957	edge-only	6	spaghettio_core::zone_cache::parse_endpoint_list
zone_cache.rs	982	edge-only	26	spaghettio_core::zone_cache::parsed_to_crossing_zone
zone_cache.rs	973	edge-only	4	spaghettio_core::zone_cache::parse_xy
